"Symbol","Name","LastSale","MarketCap","ADR TSO","IPOyear","Sector","Industry","Summary Quote",
"VNET","21Vianet Group, Inc.","7.03","400201604.46","56927682","2011","Technology","Computer Software: Programming, Data Processing","http://www.nasdaq.com/symbol/vnet",
"TWOU","2U, Inc.","35.47","1662839239.73","n/a","2014","Technology","Computer Software: Prepackaged Software","http://www.nasdaq.com/symbol/twou",
"DDD","3D Systems Corporation","14.14","1586612621.86","n/a","n/a","Technology","Computer Software: Prepackaged Software","http://www.nasdaq.com/symbol/ddd",
"JOBS","51job, Inc.","32.28","864890015.88","26793371","2004","Technology","Diversified Commercial Services","http://www.nasdaq.com/symbol/jobs",
"WUBA","58.com Inc.","44.8","6456843321.6","n/a","2013","Technology","Computer Software: Programming, Data Processing","http://www.nasdaq.com/symbol/wuba",
"ATEN","A10 Networks, Inc.","9.44","620896496.96","n/a","2014","Technology","Computer Communications Equipment","http://www.nasdaq.com/symbol/aten",
"AAN","Aaron&#39;s,  Inc.","23.42","1699783809.42","n/a","n/a","Technology","Diversified Commercial Services","http://www.nasdaq.com/symbol/aan",
"ACIA","Acacia Communications, Inc.","90.84","3252789000.12","n/a","2016","Technology","Semiconductors","http://www.nasdaq.com/symbol/acia",
"ACIW","ACI Worldwide, Inc.","19.73","2311798469.66","n/a","n/a","Technology","Computer Software: Prepackaged Software","http://www.nasdaq.com/symbol/aciw",
"ACTS","Actions Semiconductor Co., Ltd.","2.1","48511314.6","23100626","2005","Technology","Semiconductors","http://www.nasdaq.com/symbol/acts",
"ATVI","Activision Blizzard, Inc","44.18","32758014799.16","n/a","n/a","Technology","Computer Software: Prepackaged Software","http://www.nasdaq.com/symbol/atvi",
"ACTA","Actua Corporation","11.4","450393742.2","n/a","n/a","Technology","EDP Services","http://www.nasdaq.com/symbol/acta",
"ATU","Actuant Corporation","22.26","1311745071","n/a","n/a","Technology","Industrial Machinery/Components","http://www.nasdaq.com/symbol/atu",
"ACXM","Acxiom Corporation","24.96","1932129987.84","n/a","n/a","Technology","EDP Services","http://www.nasdaq.com/symbol/acxm",
"IOTS","Adesto Technologies Corporation","2.23","33574955.82","n/a","2015","Technology","Semiconductors","http://www.nasdaq.com/symbol/iots",
"ADBE","Adobe Systems Incorporated","108.42","53909353508.4","n/a","1986","Technology","Computer Software: Prepackaged Software","http://www.nasdaq.com/symbol/adbe",
"AMD","Advanced Micro Devices, Inc.","6.73","5354104068.03","n/a","n/a","Technology","Semiconductors","http://www.nasdaq.com/symbol/amd",
"ASX","Advanced Semiconductor Engineering, Inc.","6.06","9426620389.14","n/a","n/a","Technology","Semiconductors","http://www.nasdaq.com/symbol/asx",
"AER","Aercap Holdings N.V.","40.4","7589775774.8","n/a","2006","Technology","Diversified Commercial Services","http://www.nasdaq.com/symbol/aer",
"ACY","AeroCentury Corp.","9","14100291","n/a","n/a","Technology","Diversified Commercial Services","http://www.nasdaq.com/symbol/acy",
"HIVE","Aerohive Networks, Inc.","5.3","268175850.1","n/a","2014","Technology","EDP Services","http://www.nasdaq.com/symbol/hive",
"WGA","AG&E Holdings, Inc.","0.2798","3259390.2","n/a","n/a","Technology","Radio And Television Broadcasting And Communications Equipment","http://www.nasdaq.com/symbol/wga",
"AGYS","Agilysys, Inc.","10.13","232373103.26","n/a","n/a","Technology","EDP Services","http://www.nasdaq.com/symbol/agys",
"AL","Air Lease Corporation","29.17","2999914587.37","n/a","2011","Technology","Diversified Commercial Services","http://www.nasdaq.com/symbol/al",
"AYR","Aircastle Limited","19.72","1550665083.04","n/a","2006","Technology","Diversified Commercial Services","http://www.nasdaq.com/symbol/ayr",
"AIRG","Airgain, Inc.","14.35","105703678.5","n/a","2016","Technology","Radio And Television Broadcasting And Communications Equipment","http://www.nasdaq.com/symbol/airg",
"AMCN","AirMedia Group Inc","3.1366","137601653.971","43869685","2007","Technology","Advertising","http://www.nasdaq.com/symbol/amcn",
"AIXG","Aixtron SE","6.24","27161297.28","4352772","n/a","Technology","Industrial Machinery/Components","http://www.nasdaq.com/symbol/aixg",
"ALRM","Alarm.com Holdings, Inc.","29.81","1360321041.64","n/a","2015","Technology","Computer Software: Prepackaged Software","http://www.nasdaq.com/symbol/alrm",
"ALLT","Allot Communications Ltd.","5.29","177522359.58","n/a","2006","Technology","Computer Communications Equipment","http://www.nasdaq.com/symbol/allt",
"MDRX","Allscripts Healthcare Solutions, Inc.","13.24","2470045092.28","n/a","n/a","Technology","EDP Services","http://www.nasdaq.com/symbol/mdrx",
"AOSL","Alpha and Omega Semiconductor Limited","21.15","481288046.4","n/a","2010","Technology","Semiconductors","http://www.nasdaq.com/symbol/aosl",
"GOOG","Alphabet Inc.","795.26","546561359802.22","n/a","2004","Technology","Computer Software: Programming, Data Processing","http://www.nasdaq.com/symbol/goog",
"GOOGL","Alphabet Inc.","821.49","564588551497.53","n/a","n/a","Technology","Computer Software: Programming, Data Processing","http://www.nasdaq.com/symbol/googl",
"AYA","Amaya Inc.","14.24","2064240040.48","n/a","n/a","Technology","Computer Software: Programming, Data Processing","http://www.nasdaq.com/symbol/aya",
"AMBA","Ambarella, Inc.","64.36","2104558098.24","n/a","2012","Technology","Semiconductors","http://www.nasdaq.com/symbol/amba",
"AMBR","Amber Road, Inc.","9.33","246878116.41","n/a","2014","Technology","Computer Software: Prepackaged Software","http://www.nasdaq.com/symbol/ambr",
"DOX","Amdocs Limited","59.61","8813457720","n/a","n/a","Technology","EDP Services","http://www.nasdaq.com/symbol/dox",
"AMSWA","American Software, Inc.","10.8","314319204","n/a","n/a","Technology","Computer Software: Prepackaged Software","http://www.nasdaq.com/symbol/amswa",
"AMKR","Amkor Technology, Inc.","9.39","2229260913.42","n/a","1998","Technology","Semiconductors","http://www.nasdaq.com/symbol/amkr",
"AHS","AMN Healthcare Services Inc","34.13","1639926909.38","n/a","2001","Technology","Professional Services","http://www.nasdaq.com/symbol/ahs",
"ASYS","Amtech Systems, Inc.","4.57","60204517.35","n/a","n/a","Technology","Industrial Machinery/Components","http://www.nasdaq.com/symbol/asys",
"ADI","Analog Devices, Inc.","62.14","19106446601.58","n/a","n/a","Technology","Semiconductors","http://www.nasdaq.com/symbol/adi",
"ANSS","ANSYS, Inc.","91.39","7970882813.14","n/a","1996","Technology","Computer Software: Prepackaged Software","http://www.nasdaq.com/symbol/anss",
"APIC","Apigee Corporation","17.39","535533623.27","n/a","2015","Technology","Computer Software: Prepackaged Software","http://www.nasdaq.com/symbol/apic",
"APPF","AppFolio, Inc.","19.01","639615288.54","n/a","2015","Technology","Computer Software: Prepackaged Software","http://www.nasdaq.com/symbol/appf",
"AAPL","Apple Inc.","117.47","632980399210","n/a","1980","Technology","Computer Manufacturing","http://www.nasdaq.com/symbol/aapl",
"AMAT","Applied Materials, Inc.","28.02","30286645845.12","n/a","1972","Technology","Semiconductors","http://www.nasdaq.com/symbol/amat",
"AMCC","Applied Micro Circuits Corporation","5.92","505368117.12","n/a","1997","Technology","Semiconductors","http://www.nasdaq.com/symbol/amcc",
"AAOI","Applied Optoelectronics, Inc.","20.05","343660629.05","n/a","2013","Technology","Semiconductors","http://www.nasdaq.com/symbol/aaoi",
"APTI","Apptio, Inc.","20.55","766223991.45","n/a","2016","Technology","Computer Software: Prepackaged Software","http://www.nasdaq.com/symbol/apti",
"ARIS","ARI Network Services, Inc.","5.34","92196782.1","n/a","1991","Technology","Computer Software: Programming, Data Processing","http://www.nasdaq.com/symbol/aris",
"ANET","Arista Networks, Inc.","80.86","5634274181.64","n/a","2014","Technology","Computer Communications Equipment","http://www.nasdaq.com/symbol/anet",
"ARRS","ARRIS International plc","28.9","5510509812","n/a","n/a","Technology","Radio And Television Broadcasting And Communications Equipment","http://www.nasdaq.com/symbol/arrs",
"ASML","ASML Holding N.V.","102.33","6423829808.58","62775626","1995","Technology","Industrial Machinery/Components","http://www.nasdaq.com/symbol/asml",
"AZPN","Aspen Technology, Inc.","46.73","3726135898.42","n/a","1994","Technology","EDP Services","http://www.nasdaq.com/symbol/azpn",
"ALOT","AstroNova, Inc.","15.2","113469474.4","n/a","1983","Technology","Computer peripheral equipment","http://www.nasdaq.com/symbol/alot",
"ASUR","Asure Software Inc","6.92","45094844.32","n/a","n/a","Technology","EDP Services","http://www.nasdaq.com/symbol/asur",
"TEAM","Atlassian Corporation Plc","28.91","6254923020.78","n/a","2015","Technology","Computer Software: Prepackaged Software","http://www.nasdaq.com/symbol/team",
"ATMR","Atomera Incorporated","7.54","90497575.74","n/a","2016","Technology","Semiconductors","http://www.nasdaq.com/symbol/atmr",
"ATTU","Attunity Ltd.","5.77","95965220.58","n/a","n/a","Technology","Computer Software: Prepackaged Software","http://www.nasdaq.com/symbol/attu",
"AUO","AU Optronics Corp","3.71","3570594935.81","n/a","2002","Technology","Semiconductors","http://www.nasdaq.com/symbol/auo",
"ABTL","Autobytel Inc.","17.71","191004067.87","n/a","1999","Technology","Computer Software: Programming, Data Processing","http://www.nasdaq.com/symbol/abtl",
"ADSK","Autodesk, Inc.","70.13","15561353354.93","n/a","n/a","Technology","Computer Software: Prepackaged Software","http://www.nasdaq.com/symbol/adsk",
"ATHM","Autohome Inc.","25.61","2895327537.7","n/a","2013","Technology","EDP Services","http://www.nasdaq.com/symbol/athm",
"ADP","Automatic Data Processing, Inc.","87.38","39860741978.38","n/a","n/a","Technology","EDP Services","http://www.nasdaq.com/symbol/adp",
"AVG","AVG Technologies N.V.","25.15","1273402671.95","n/a","2012","Technology","Computer Software: Prepackaged Software","http://www.nasdaq.com/symbol/avg",
"AVNW","Aviat Networks, Inc.","9","47349369","n/a","n/a","Technology","Radio And Television Broadcasting And Communications Equipment","http://www.nasdaq.com/symbol/avnw",
"AVID","Avid Technology, Inc.","7.41","295074143.52","n/a","1993","Technology","Computer Software: Prepackaged Software","http://www.nasdaq.com/symbol/avid",
"AWRE","Aware, Inc.","5.05","116026088.15","n/a","1996","Technology","Computer Software: Prepackaged Software","http://www.nasdaq.com/symbol/awre",
"ACLS","Axcelis Technologies, Inc.","13.75","400924865","n/a","2000","Technology","Industrial Machinery/Components","http://www.nasdaq.com/symbol/acls",
"AXTI","AXT Inc","5.5","178148883","n/a","1998","Technology","Semiconductors","http://www.nasdaq.com/symbol/axti",
"BOSC","B.O.S. Better Online Solutions","2.1","5588421.3","n/a","n/a","Technology","Computer Communications Equipment","http://www.nasdaq.com/symbol/bosc",
"BIDU","Baidu, Inc.","175.65","48132549214.5","274025330","2005","Technology","Computer Software: Programming, Data Processing","http://www.nasdaq.com/symbol/bidu",
"RATE","Bankrate, Inc.","7.75","699554005.75","n/a","2011","Technology","EDP Services","http://www.nasdaq.com/symbol/rate",
"CUDA","Barracuda Networks, Inc.","24.01","1255801080.52","n/a","2013","Technology","Computer peripheral equipment","http://www.nasdaq.com/symbol/cuda",
"BBSI","Barrett Business Services, Inc.","46.76","338713868.92","n/a","1993","Technology","Professional Services","http://www.nasdaq.com/symbol/bbsi",
"BV","Bazaarvoice, Inc.","5.35","443169507.7","n/a","2012","Technology","Computer Software: Prepackaged Software","http://www.nasdaq.com/symbol/bv",
"BHE","Benchmark Electronics, Inc.","25.3","1238962682.1","n/a","n/a","Technology","Electrical Products","http://www.nasdaq.com/symbol/bhe",
"BNFT","Benefitfocus, Inc.","39.5","1171273236.5","n/a","2013","Technology","Computer Software: Prepackaged Software","http://www.nasdaq.com/symbol/bnft",
"BGSF","BG Staffing Inc","14.18","122916891.04","n/a","n/a","Technology","Professional Services","http://www.nasdaq.com/symbol/bgsf",
"BITA","Bitauto Holdings Limited","26.82","1896871990.5","n/a","2010","Technology","EDP Services","http://www.nasdaq.com/symbol/bita",
"BBOX","Black Box Corporation","12.75","193142138.25","n/a","n/a","Technology","Computer Communications Equipment","http://www.nasdaq.com/symbol/bbox",
"BKFS","Black Knight Financial Services, Inc.","39.03","6007527731.16","n/a","2015","Technology","Computer Software: Prepackaged Software","http://www.nasdaq.com/symbol/bkfs",
"BLKB","Blackbaud, Inc.","63.75","3029315977.5","n/a","2004","Technology","Computer Software: Prepackaged Software","http://www.nasdaq.com/symbol/blkb",
"BDR","Blonder Tongue Laboratories, Inc.","0.54","3992337.18","n/a","n/a","Technology","Radio And Television Broadcasting And Communications Equipment","http://www.nasdaq.com/symbol/bdr",
"BCOR","Blucora, Inc.","11.45","475364165.45","n/a","n/a","Technology","EDP Services","http://www.nasdaq.com/symbol/bcor",
"EPAY","Bottomline Technologies, Inc.","22.38","918546927.9","n/a","1999","Technology","Computer Software: Prepackaged Software","http://www.nasdaq.com/symbol/epay",
"BOX","Box, Inc.","14.49","1851361362.9","n/a","2015","Technology","Computer Software: Prepackaged Software","http://www.nasdaq.com/symbol/box",
"BLIN          ","Bridgeline Digital, Inc.","0.6795","12680875.8855","n/a","n/a","Technology","Computer Software: Prepackaged Software","http://www.nasdaq.com/symbol/blin",
"BCOV","Brightcove Inc.","12.66","418651767.6","n/a","2012","Technology","EDP Services","http://www.nasdaq.com/symbol/bcov",
"AVGO","Broadcom Limited","172.17","68408221048.02","n/a","2009","Technology","Semiconductors","http://www.nasdaq.com/symbol/avgo",
"BSFT","BroadSoft, Inc.","45.85","1366729307.65","n/a","2010","Technology","Computer Software: Prepackaged Software","http://www.nasdaq.com/symbol/bsft",
"BVSN","BroadVision, Inc.","5.05","24940758.2","n/a","1996","Technology","Computer Software: Prepackaged Software","http://www.nasdaq.com/symbol/bvsn",
"BRCD","Brocade Communications Systems, Inc.","8.74","3503604595.34","n/a","1999","Technology","Computer Communications Equipment","http://www.nasdaq.com/symbol/brcd",
"BRKS","Brooks Automation, Inc.","13.3","912901652.6","n/a","1995","Technology","Industrial Machinery/Components","http://www.nasdaq.com/symbol/brks",
"CA","CA Inc.","32.16","13473388873.44","n/a","n/a","Technology","Computer Software: Prepackaged Software","http://www.nasdaq.com/symbol/ca",
"CCMP","Cabot Microelectronics Corporation","52.4","1264812074","n/a","2000","Technology","Semiconductors","http://www.nasdaq.com/symbol/ccmp",
"CACI","CACI International, Inc.","100.3","2439641633.8","n/a","n/a","Technology","EDP Services","http://www.nasdaq.com/symbol/caci",
"CDNS","Cadence Design Systems, Inc.","26.24","7670975360","n/a","n/a","Technology","Computer Software: Prepackaged Software","http://www.nasdaq.com/symbol/cdns",
"CAI","CAI International, Inc.","8.31","160029434.43","n/a","n/a","Technology","Diversified Commercial Services","http://www.nasdaq.com/symbol/cai",
"CAMP","CalAmp Corp.","13.23","480677347.71","n/a","1983","Technology","Radio And Television Broadcasting And Communications Equipment","http://www.nasdaq.com/symbol/camp",
"CALD","Callidus Software, Inc.","18.21","1040840187.36","n/a","2003","Technology","EDP Services","http://www.nasdaq.com/symbol/cald",
"CSIQ","Canadian Solar Inc.","14.87","832206137.41","n/a","2006","Technology","Semiconductors","http://www.nasdaq.com/symbol/csiq",
"CARB","Carbonite, Inc.","16.09","435086600.72","n/a","2011","Technology","EDP Services","http://www.nasdaq.com/symbol/carb",
"CSLT","Castlight Health, inc.","4.25","436471838","n/a","2014","Technology","EDP Services","http://www.nasdaq.com/symbol/cslt",
"CAVM","Cavium, Inc.","54.31","3144453251.47","n/a","2007","Technology","Semiconductors","http://www.nasdaq.com/symbol/cavm",
"CDI","CDI Corporation","6.06","112704146.64","n/a","n/a","Technology","Professional Services","http://www.nasdaq.com/symbol/cdi",
"CLS","Celestica, Inc.","10.42","1269390481.26","n/a","1998","Technology","Electrical Products","http://www.nasdaq.com/symbol/cls",
"CRNT","Ceragon Networks Ltd.","2.32","180228404.24","n/a","n/a","Technology","Radio And Television Broadcasting And Communications Equipment","http://www.nasdaq.com/symbol/crnt",
"CERN","Cerner Corporation","61.15","20650921738.2","n/a","1986","Technology","EDP Services","http://www.nasdaq.com/symbol/cern",
"CEVA","CEVA, Inc.","30.85","646629697.4","n/a","n/a","Technology","Semiconductors","http://www.nasdaq.com/symbol/ceva",
"CYOU","Changyou.com Limited","27.02","500465953.12","18522056","2009","Technology","Computer Software: Prepackaged Software","http://www.nasdaq.com/symbol/cyou",
"ECOM          ","ChannelAdvisor Corporation","11.75","301937552.75","n/a","2013","Technology","Computer Software: Prepackaged Software","http://www.nasdaq.com/symbol/ecom",
"CHKP","Check Point Software Technologies Ltd.","77.23","13507644621.29","n/a","1996","Technology","Computer Software: Prepackaged Software","http://www.nasdaq.com/symbol/chkp",
"CMCM","Cheetah Mobile Inc.","11.52","1641787407.36","n/a","2014","Technology","Computer Software: Prepackaged Software","http://www.nasdaq.com/symbol/cmcm",
"CVR","Chicago Rivet & Machine Co.","29.283","28291243.356","n/a","n/a","Technology","Industrial Machinery/Components","http://www.nasdaq.com/symbol/cvr",
"STV","China Digital TV Holding Co., Ltd.","1.21","72810536.37","n/a","2007","Technology","Computer Software: Prepackaged Software","http://www.nasdaq.com/symbol/stv",
"CNIT","China Information Technology, Inc.","0.82","32891150.38","n/a","n/a","Technology","Computer Software: Prepackaged Software","http://www.nasdaq.com/symbol/cnit",
"CCIH","ChinaCache International Holdings Ltd.","3.73","66048012.66","17707242","2010","Technology","EDP Services","http://www.nasdaq.com/symbol/ccih",
"CNET","ChinaNet Online Holdings, Inc.","1.52","18480599.28","n/a","n/a","Technology","Computer Software: Programming, Data Processing","http://www.nasdaq.com/symbol/cnet",
"IMOS","ChipMOS TECHNOLOGIES (Bermuda) LTD.","19.55","533518346.55","n/a","n/a","Technology","Semiconductors","http://www.nasdaq.com/symbol/imos",
"CBR","Ciber, Inc.","1.05","85276224.6","n/a","n/a","Technology","EDP Services","http://www.nasdaq.com/symbol/cbr",
"CRUS","Cirrus Logic, Inc.","53.55","3345839289.45","n/a","1989","Technology","Semiconductors","http://www.nasdaq.com/symbol/crus",
"CSCO","Cisco Systems, Inc.","30.44","152636930676.52","n/a","1990","Technology","Computer Communications Equipment","http://www.nasdaq.com/symbol/csco",
"CTXS","Citrix Systems, Inc.","85.32","13286618766.72","n/a","1995","Technology","Computer Software: Prepackaged Software","http://www.nasdaq.com/symbol/ctxs",
"CLNT","Cleantech Solutions International, Inc.","0.9224","4830134.6864","n/a","n/a","Technology","Industrial Machinery/Components","http://www.nasdaq.com/symbol/clnt",
"CTSH","Cognizant Technology Solutions Corporation","50.22","30480669424.8","n/a","1998","Technology","EDP Services","http://www.nasdaq.com/symbol/ctsh",
"CHUBA","CommerceHub, Inc.","15.77","673423818.34","n/a","n/a","Technology","Computer Software: Prepackaged Software","http://www.nasdaq.com/symbol/chuba",
"CHUBK","CommerceHub, Inc.","15.64","667872448.88","n/a","n/a","Technology","Computer Software: Prepackaged Software","http://www.nasdaq.com/symbol/chubk",
"COMM","CommScope Holding Company, Inc.","31.46","6060403749.4","n/a","2013","Technology","Radio And Television Broadcasting And Communications Equipment","http://www.nasdaq.com/symbol/comm",
"CVLT","CommVault Systems, Inc.","51.94","2307323608.1","n/a","2006","Technology","Computer Software: Prepackaged Software","http://www.nasdaq.com/symbol/cvlt",
"CPSI","Computer Programs and Systems, Inc.","26.21","354702472.37","n/a","2002","Technology","EDP Services","http://www.nasdaq.com/symbol/cpsi",
"CSC","Computer Sciences Corporation","54.7","7681360838.4","n/a","n/a","Technology","EDP Services","http://www.nasdaq.com/symbol/csc",
"CTG","Computer Task Group, Incorporated","4.44","72664937.88","n/a","n/a","Technology","EDP Services","http://www.nasdaq.com/symbol/ctg",
"CMTL","Comtech Telecommunications Corp.","10.88","255774830.08","n/a","n/a","Technology","Radio And Television Broadcasting And Communications Equipment","http://www.nasdaq.com/symbol/cmtl",
"CCUR","Concurrent Computer Corporation","5.99","57684460.73","n/a","n/a","Technology","Computer Manufacturing","http://www.nasdaq.com/symbol/ccur",
"CNXR","Connecture, Inc.","1.902","42498409.728","n/a","2014","Technology","Computer Software: Prepackaged Software","http://www.nasdaq.com/symbol/cnxr",
"CVG","Convergys Corporation","29.97","2874382899.84","n/a","1998","Technology","EDP Services","http://www.nasdaq.com/symbol/cvg",
"COYN","COPsync, Inc.","0.71","6311172.25","n/a","n/a","Technology","Computer Communications Equipment","http://www.nasdaq.com/symbol/coyn",
"COYNW","COPsync, Inc.","0.145","0","n/a","n/a","Technology","Computer Communications Equipment","http://www.nasdaq.com/symbol/coynw",
"CLGX","CoreLogic, Inc.","38.77","3423258329.06","n/a","n/a","Technology","EDP Services","http://www.nasdaq.com/symbol/clgx",
"CSOD","Cornerstone OnDemand, Inc.","40.6","2270823650.2","n/a","2011","Technology","Computer Software: Prepackaged Software","http://www.nasdaq.com/symbol/csod",
"CPAH","CounterPath Corporation","2.074","9446339.952","n/a","n/a","Technology","Computer Software: Prepackaged Software","http://www.nasdaq.com/symbol/cpah",
"COUP","Coupa Software Incorporated","27.17","1307174701.69","n/a","2016","Technology","Computer Software: Prepackaged Software","http://www.nasdaq.com/symbol/coup",
"COVS","Covisint Corporation","2.1","85213142.7","n/a","2013","Technology","EDP Services","http://www.nasdaq.com/symbol/covs",
"CRAY","Cray Inc","21.33","868712775.75","n/a","n/a","Technology","Computer Manufacturing","http://www.nasdaq.com/symbol/cray",
"CREE","Cree, Inc.","25.2","2541426123.6","n/a","1993","Technology","Semiconductors","http://www.nasdaq.com/symbol/cree",
"CRTO","Criteo S.A.","34.93","2090717475.42","59854494","2013","Technology","Advertising","http://www.nasdaq.com/symbol/crto",
"CCRN","Cross Country Healthcare, Inc.","12.79","421874837.39","n/a","2001","Technology","Professional Services","http://www.nasdaq.com/symbol/ccrn",
"CRDS","Crossroads Systems, Inc.","3.5899","4399321.9328","n/a","1999","Technology","Computer peripheral equipment","http://www.nasdaq.com/symbol/crds",
"CSGS","CSG Systems International, Inc.","39.46","1276688800.54","n/a","1996","Technology","EDP Services","http://www.nasdaq.com/symbol/csgs",
"CSPI","CSP Inc.","11.3701","43322775.7137","n/a","1982","Technology","EDP Services","http://www.nasdaq.com/symbol/cspi",
"CSRA","CSRA Inc.","26.13","4275599979.69","n/a","2015","Technology","EDP Services","http://www.nasdaq.com/symbol/csra",
"CTS","CTS Corporation","16.74","548385007.14","n/a","n/a","Technology","Electrical Products","http://www.nasdaq.com/symbol/cts",
"CW","Curtiss-Wright Corporation","85.64","3804368848.92","n/a","n/a","Technology","Industrial Machinery/Components","http://www.nasdaq.com/symbol/cw",
"CVV","CVD Equipment Corporation","8.545","54027300.6","n/a","n/a","Technology","Industrial Machinery/Components","http://www.nasdaq.com/symbol/cvv",
"CVT","CVENT, INC.","30.15","1277092102.05","n/a","1987","Technology","Computer Software: Prepackaged Software","http://www.nasdaq.com/symbol/cvt",
"CYBR","CyberArk Software Ltd.","46.47","1546978818.33","n/a","2014","Technology","Computer Software: Prepackaged Software","http://www.nasdaq.com/symbol/cybr",
"CY","Cypress Semiconductor Corporation","10.61","3407727577.13","n/a","1986","Technology","Semiconductors","http://www.nasdaq.com/symbol/cy",
"CYRN","CYREN Ltd.","2.29","89587543.42","n/a","n/a","Technology","Computer Software: Prepackaged Software","http://www.nasdaq.com/symbol/cyrn",
"DQ","DAQO New Energy Corp.","23.12","241221664.56","n/a","2010","Technology","Semiconductors","http://www.nasdaq.com/symbol/dq",
"DTLK","Datalink Corporation","10.52","232846681.8","n/a","1999","Technology","EDP Services","http://www.nasdaq.com/symbol/dtlk",
"DRAM","Dataram Corporation","1.04","3845542.48","n/a","n/a","Technology","Electronic Components","http://www.nasdaq.com/symbol/dram",
"DWCH","Datawatch Corporation","7.2","85492857.6","n/a","1992","Technology","Computer Software: Prepackaged Software","http://www.nasdaq.com/symbol/dwch",
"DVMT","Dell Technologies Inc.","47.68","10631040336","n/a","n/a","Technology","Computer Manufacturing","http://www.nasdaq.com/symbol/dvmt",
"DMD","Demand Media Inc.","5.85","119272221.9","n/a","2011","Technology","EDP Services","http://www.nasdaq.com/symbol/dmd",
"DTRM","Determine, Inc. ","1.92","21905579.52","n/a","n/a","Technology","Computer Software: Prepackaged Software","http://www.nasdaq.com/symbol/dtrm",
"DGII","Digi International Inc.","10.77","279610416.9","n/a","1989","Technology","Computer Communications Equipment","http://www.nasdaq.com/symbol/dgii",
"DMRC","Digimarc Corporation","33.29","302614688.82","n/a","n/a","Technology","EDP Services","http://www.nasdaq.com/symbol/dmrc",
"DGLY","Digital Ally, Inc.","5.7","30657341.7","n/a","n/a","Technology","Radio And Television Broadcasting And Communications Equipment","http://www.nasdaq.com/symbol/dgly",
"DIOD","Diodes Incorporated","20.12","982113093.36","n/a","n/a","Technology","Semiconductors","http://www.nasdaq.com/symbol/diod",
"DLHC","DLH Holdings Corp.","4.7301","49956161.2233","n/a","n/a","Technology","Professional Services","http://www.nasdaq.com/symbol/dlhc",
"DOV","Dover Corporation","67.54","10483282426.32","n/a","n/a","Technology","Industrial Machinery/Components","http://www.nasdaq.com/symbol/dov",
"DSPG","DSP Group, Inc.","10.2","223318932.6","n/a","1994","Technology","Semiconductors","http://www.nasdaq.com/symbol/dspg",
"DST","DST Systems, Inc.","112.98","3685196440.38","n/a","1995","Technology","EDP Services","http://www.nasdaq.com/symbol/dst",
"ELNK","EarthLink Holdings Corp.","6.18","651957258.36","n/a","n/a","Technology","Computer Software: Programming, Data Processing","http://www.nasdaq.com/symbol/elnk",
"ETN","Eaton Corporation, PLC","63.19","28732493000","n/a","n/a","Technology","Industrial Machinery/Components","http://www.nasdaq.com/symbol/etn",
"EBIX","Ebix, Inc.","57.65","1872547694.45","n/a","n/a","Technology","EDP Services","http://www.nasdaq.com/symbol/ebix",
"ELON","Echelon Corporation","5.14","22770482.7","n/a","1998","Technology","Computer Communications Equipment","http://www.nasdaq.com/symbol/elon",
"SATS","EchoStar Corporation","45.84","4303544783.28","n/a","n/a","Technology","Radio And Television Broadcasting And Communications Equipment","http://www.nasdaq.com/symbol/sats",
"EDGW","Edgewater Technology, Inc.","8.14","100224531.44","n/a","n/a","Technology","Computer Software: Programming, Data Processing","http://www.nasdaq.com/symbol/edgw",
"EFUT","eFuture Holding Inc.","6.19","32520495.85","n/a","n/a","Technology","EDP Services","http://www.nasdaq.com/symbol/efut",
"EGAN","eGain Corporation","2.8","75903598.4","n/a","1999","Technology","Computer Software: Prepackaged Software","http://www.nasdaq.com/symbol/egan",
"EA","Electronic Arts Inc.","84.01","25267257904.84","n/a","n/a","Technology","Computer Software: Prepackaged Software","http://www.nasdaq.com/symbol/ea",
"EFII","Electronics for Imaging, Inc.","41.81","1953297558.3","n/a","1992","Technology","Computer Communications Equipment","http://www.nasdaq.com/symbol/efii",
"ETAK","Elephant Talk Communications Corp.","0.1825","29928514.6325","n/a","n/a","Technology","EDP Services","http://www.nasdaq.com/symbol/etak",
"ELLI","Ellie Mae, Inc.","101.83","3076824609.98","n/a","2011","Technology","Computer Software: Prepackaged Software","http://www.nasdaq.com/symbol/elli",
"ELTK","Eltek Ltd.","1.01","10244189.62","n/a","1997","Technology","Electrical Products","http://www.nasdaq.com/symbol/eltk",
"EMAN","eMagin Corporation","2.5","73470260","n/a","n/a","Technology","Semiconductors","http://www.nasdaq.com/symbol/eman",
"EMKR","EMCORE Corporation","5.5","143762338.5","n/a","1997","Technology","Semiconductors","http://www.nasdaq.com/symbol/emkr",
"EIGI","Endurance International Group Holdings, Inc.","8","1129685864","n/a","2013","Technology","Computer Software: Prepackaged Software","http://www.nasdaq.com/symbol/eigi",
"WATT","Energous Corporation","16.23","276619299.69","n/a","2014","Technology","Radio And Television Broadcasting And Communications Equipment","http://www.nasdaq.com/symbol/watt",
"ERII","Energy Recovery, Inc.","13.86","721478142","n/a","2008","Technology","Industrial Machinery/Components","http://www.nasdaq.com/symbol/erii",
"ENOC","EnerNOC, Inc.","5.36","167485281.44","n/a","2007","Technology","Computer Software: Programming, Data Processing","http://www.nasdaq.com/symbol/enoc",
"ENPH","Enphase Energy, Inc.","1.13","52821671.46","n/a","2012","Technology","Semiconductors","http://www.nasdaq.com/symbol/enph",
"EPAM","EPAM Systems, Inc.","65.02","3308987761.9","n/a","2012","Technology","EDP Services","http://www.nasdaq.com/symbol/epam",
"PLUS","ePlus inc.","92.05","652966156.15","n/a","1996","Technology","Retail: Computer Software & Peripheral Equipment","http://www.nasdaq.com/symbol/plus",
"ERIC","Ericsson","5.47","1526616135.31","279088873","n/a","Technology","Radio And Television Broadcasting And Communications Equipment","http://www.nasdaq.com/symbol/eric",
"MRAM","Everspin Technologies, Inc.","6.62","82697139.3","n/a","2016","Technology","Semiconductors","http://www.nasdaq.com/symbol/mram",
"EVTC","Evertec, Inc.","15.75","1165979036.25","n/a","2013","Technology","EDP Services","http://www.nasdaq.com/symbol/evtc",
"EVDY","Everyday Health, Inc.","8.1","270842429.7","n/a","2014","Technology","EDP Services","http://www.nasdaq.com/symbol/evdy",
"EVOL","Evolving Systems, Inc.","4.3209","51009844.8375","n/a","1998","Technology","EDP Services","http://www.nasdaq.com/symbol/evol",
"EXA","Exa Corporation","14.13","209418695.28","n/a","2012","Technology","Computer Software: Prepackaged Software","http://www.nasdaq.com/symbol/exa",
"EXAR","Exar Corporation","8.87","439726693.13","n/a","1985","Technology","Semiconductors","http://www.nasdaq.com/symbol/exar",
"EXTN","Exterran Corporation","16.6","583374630","n/a","2015","Technology","Diversified Commercial Services","http://www.nasdaq.com/symbol/extn",
"EXTR","Extreme Networks, Inc.","4.13","439384096.13","n/a","1999","Technology","Computer Communications Equipment","http://www.nasdaq.com/symbol/extr",
"FFIV","F5 Networks, Inc.","117.56","7783017243.28","n/a","1999","Technology","Computer Communications Equipment","http://www.nasdaq.com/symbol/ffiv",
"FB","Facebook, Inc.","128.57","369209874036.77","n/a","2012","Technology","Computer Software: Programming, Data Processing","http://www.nasdaq.com/symbol/fb",
"FDS","FactSet Research Systems Inc.","155.84","6335141915.52","n/a","1996","Technology","Computer Software: Programming, Data Processing","http://www.nasdaq.com/symbol/fds",
"FALC","FalconStor Software, Inc.","0.8","34695688.8","n/a","n/a","Technology","Computer Software: Prepackaged Software","http://www.nasdaq.com/symbol/falc",
"SFUN","Fanf Holdings Limited","3.73","1749342416.65","n/a","2010","Technology","EDP Services","http://www.nasdaq.com/symbol/sfun",
"FNSR","Finisar Corporation","29","3196860675","n/a","1999","Technology","Semiconductors","http://www.nasdaq.com/symbol/fnsr",
"FEYE","FireEye, Inc.","12.53","2126056142.98","n/a","2013","Technology","Computer peripheral equipment","http://www.nasdaq.com/symbol/feye",
"FSLR","First Solar, Inc.","39.57","4050367512.21","n/a","2006","Technology","Semiconductors","http://www.nasdaq.com/symbol/fslr",
"FISV","Fiserv, Inc.","100.06","21994704909.6","n/a","1986","Technology","EDP Services","http://www.nasdaq.com/symbol/fisv",
"FIT","Fitbit, Inc.","13.54","3007964537.16","n/a","2015","Technology","Computer Manufacturing","http://www.nasdaq.com/symbol/fit",
"FIVN","Five9, Inc.","14.02","736808818.48","n/a","2014","Technology","EDP Services","http://www.nasdaq.com/symbol/fivn",
"FLTX","Fleetmatics Group PLC","59.9","2346100724.3","n/a","2012","Technology","Computer Software: Prepackaged Software","http://www.nasdaq.com/symbol/fltx",
"FLEX","Flex Ltd.","13.94","7613436372.46","n/a","1994","Technology","Electrical Products","http://www.nasdaq.com/symbol/flex",
"FORM","FormFactor, Inc.","10.19","719060610.8","n/a","2003","Technology","Semiconductors","http://www.nasdaq.com/symbol/form",
"FORTY","Formula Systems (1985) Ltd.","38.77","7408365.45","191085","n/a","Technology","EDP Services","http://www.nasdaq.com/symbol/forty",
"FTNT","Fortinet, Inc.","30.99","5351595634.77","n/a","2009","Technology","Computer peripheral equipment","http://www.nasdaq.com/symbol/ftnt",
"FNCX","Function(x) Inc.","4.46","13631334.38","n/a","n/a","Technology","Computer Software: Programming, Data Processing","http://www.nasdaq.com/symbol/fncx",
"FSNN","Fusion Telecommunications International, Inc.","1.31","19635238.92","n/a","n/a","Technology","Computer Software: Prepackaged Software","http://www.nasdaq.com/symbol/fsnn",
"JOB","GEE Group Inc.","4.95","46425515.4","n/a","n/a","Technology","Diversified Commercial Services","http://www.nasdaq.com/symbol/job",
"GFN","General Finance Corporation","4.35","114051658.2","n/a","n/a","Technology","Diversified Commercial Services","http://www.nasdaq.com/symbol/gfn",
"GFNCP","General Finance Corporation","88.41","0","n/a","n/a","Technology","Diversified Commercial Services","http://www.nasdaq.com/symbol/gfncp",
"GFNSL","General Finance Corporation","24.4","0","n/a","n/a","Technology","Diversified Commercial Services","http://www.nasdaq.com/symbol/gfnsl",
"GIGM","GigaMedia Limited","2.48","27409542.8","n/a","n/a","Technology","Computer Software: Programming, Data Processing","http://www.nasdaq.com/symbol/gigm",
"GIMO","Gigamon Inc.","50.45","1779720059.05","n/a","2013","Technology","EDP Services","http://www.nasdaq.com/symbol/gimo",
"GIG","GigPeak, Inc.","2.55","172026111","n/a","n/a","Technology","Semiconductors","http://www.nasdaq.com/symbol/gig",
"GILT","Gilat Satellite Networks Ltd.","4.61","207289530.51","n/a","n/a","Technology","Radio And Television Broadcasting And Communications Equipment","http://www.nasdaq.com/symbol/gilt",
"GSB","GlobalSCAPE, Inc.","3.39","71814780.39","n/a","n/a","Technology","Computer Software: Prepackaged Software","http://www.nasdaq.com/symbol/gsb",
"GLOB","Globant S.A.","44.34","1525029693.96","n/a","2014","Technology","EDP Services","http://www.nasdaq.com/symbol/glob",
"GLUU","Glu Mobile Inc.","2.06","273975099.26","n/a","2007","Technology","EDP Services","http://www.nasdaq.com/symbol/gluu",
"GDDY","GoDaddy Inc.","35.51","5742217842.64","n/a","2015","Technology","EDP Services","http://www.nasdaq.com/symbol/gddy",
"GHM","Graham Corporation","18.86","183199250.4","n/a","n/a","Technology","Industrial Machinery/Components","http://www.nasdaq.com/symbol/ghm",
"GEC","Great Elm Capital Group, Inc. ","4.5","42600015","n/a","n/a","Technology","Computer Software: Prepackaged Software","http://www.nasdaq.com/symbol/gec",
"GSUM","Gridsum Holding Inc.","16.05","104673927","6521740","2016","Technology","Computer Software: Prepackaged Software","http://www.nasdaq.com/symbol/gsum",
"GRPN","Groupon, Inc.","5.07","2913169966.59","n/a","2011","Technology","Advertising","http://www.nasdaq.com/symbol/grpn",
"GVP","GSE Systems, Inc.","2.75","49862496.75","n/a","n/a","Technology","Computer Software: Prepackaged Software","http://www.nasdaq.com/symbol/gvp",
"GSIT","GSI Technology, Inc.","5.14","105622158.12","n/a","2007","Technology","Semiconductors","http://www.nasdaq.com/symbol/gsit",
"GUID","Guidance Software, Inc.","5.44","175777280","n/a","2006","Technology","Computer Software: Prepackaged Software","http://www.nasdaq.com/symbol/guid",
"GWRE","Guidewire Software, Inc.","58.25","4256236280.5","n/a","2012","Technology","Computer Software: Prepackaged Software","http://www.nasdaq.com/symbol/gwre",
"HQCL","Hanwha Q CELLS Co., Ltd. ","11.32","62277263","5501525","n/a","Technology","Semiconductors","http://www.nasdaq.com/symbol/hqcl",
"HLIT","Harmonic Inc.","5.55","433068303.75","n/a","1995","Technology","Radio And Television Broadcasting And Communications Equipment","http://www.nasdaq.com/symbol/hlit",
"HHS","Harte-Hanks, Inc.","1.52","93494882.32","n/a","1993","Technology","Advertising","http://www.nasdaq.com/symbol/hhs",
"HSTM","HealthStream, Inc.","26.61","844575694.74","n/a","2000","Technology","Computer Software: Programming, Data Processing","http://www.nasdaq.com/symbol/hstm",
"HSII","Heidrick & Struggles International, Inc.","20.3","377207048.4","n/a","1999","Technology","Diversified Commercial Services","http://www.nasdaq.com/symbol/hsii",
"HPE","Hewlett Packard Enterprise Company","21.47","35759086002.76","n/a","2015","Technology","Computer Manufacturing","http://www.nasdaq.com/symbol/hpe",
"HIMX","Himax Technologies, Inc.","9","967616424","107512936","2006","Technology","Semiconductors","http://www.nasdaq.com/symbol/himx",
"HDP","Hortonworks, Inc.","6.9","407721489.9","n/a","2014","Technology","Computer Software: Prepackaged Software","http://www.nasdaq.com/symbol/hdp",
"HPQ","HP Inc.","14.21","24311543441.22","n/a","n/a","Technology","Computer Manufacturing","http://www.nasdaq.com/symbol/hpq",
"HUBS","HubSpot, Inc.","52","1838003336","n/a","2014","Technology","Computer Software: Prepackaged Software","http://www.nasdaq.com/symbol/hubs",
"HSON","Hudson Global, Inc.","1.6","53778358.4","n/a","n/a","Technology","Professional Services","http://www.nasdaq.com/symbol/hson",
"HDRA","Hydra Industries Acquisition Corp.","9.9","99000000","n/a","2014","Technology","Computer Software: Prepackaged Software","http://www.nasdaq.com/symbol/hdra",
"HDRAR","Hydra Industries Acquisition Corp.","0.41","0","n/a","2014","Technology","Computer Software: Prepackaged Software","http://www.nasdaq.com/symbol/hdrar",
"HDRAU","Hydra Industries Acquisition Corp.","10.55","0","n/a","2014","Technology","Computer Software: Prepackaged Software","http://www.nasdaq.com/symbol/hdrau",
"HDRAW","Hydra Industries Acquisition Corp.","0.41","0","n/a","2014","Technology","Computer Software: Prepackaged Software","http://www.nasdaq.com/symbol/hdraw",
"INVE","Identiv, Inc.","2.11","23114651.21","n/a","n/a","Technology","Computer peripheral equipment","http://www.nasdaq.com/symbol/inve",
"IEC","IEC Electronics Corp.","4","41097612","n/a","n/a","Technology","Electrical Products","http://www.nasdaq.com/symbol/iec",
"INFO","IHS Markit Ltd.","37.3","15738615490.8","n/a","1996","Technology","Computer Software: Programming, Data Processing","http://www.nasdaq.com/symbol/info",
"ITW","Illinois Tool Works Inc.","115.08","40848832359.72","n/a","n/a","Technology","Industrial Machinery/Components","http://www.nasdaq.com/symbol/itw",
"IMN","Imation Corporation","0.62","23025229.54","n/a","n/a","Technology","Electronic Components","http://www.nasdaq.com/symbol/imn",
"IMMR","Immersion Corporation","7.76","224324101.2","n/a","1999","Technology","Computer peripheral equipment","http://www.nasdaq.com/symbol/immr",
"IMPV","Imperva, Inc.","46.65","1521346441.2","n/a","2011","Technology","Computer Software: Prepackaged Software","http://www.nasdaq.com/symbol/impv",
"SAAS","inContact, Inc.","13.9","869243046.9","n/a","n/a","Technology","Computer Software: Prepackaged Software","http://www.nasdaq.com/symbol/saas",
"BLOX","Infoblox Inc.","26.35","1465008512.1","n/a","2012","Technology","EDP Services","http://www.nasdaq.com/symbol/blox",
"INFY","Infosys Limited","15.91","36364428889.54","n/a","n/a","Technology","EDP Services","http://www.nasdaq.com/symbol/infy",
"IM","Ingram Micro Inc.","36.1","5402708888.6","n/a","1996","Technology","Retail: Computer Software & Peripheral Equipment","http://www.nasdaq.com/symbol/im",
"INOD","Innodata Inc.","2.5","63612677.5","n/a","1993","Technology","EDP Services","http://www.nasdaq.com/symbol/inod",
"ISSC","Innovative Solutions and Support, Inc.","3.22","54446493.78","n/a","2000","Technology","EDP Services","http://www.nasdaq.com/symbol/issc",
"INOV","Inovalon Holdings, Inc.","14.2","2164592762","n/a","2015","Technology","EDP Services","http://www.nasdaq.com/symbol/inov",
"IPHI","Inphi Corporation","39.32","1599697003.28","n/a","2010","Technology","Semiconductors","http://www.nasdaq.com/symbol/iphi",
"NSP","Insperity, Inc.","75.15","1607870472.3","n/a","n/a","Technology","Professional Services","http://www.nasdaq.com/symbol/nsp",
"INST","Instructure, Inc.","24.7","691253631.9","n/a","2015","Technology","Computer Software: Prepackaged Software","http://www.nasdaq.com/symbol/inst",
"IDTI","Integrated Device Technology, Inc.","20.15","2706643591.6","n/a","1984","Technology","Semiconductors","http://www.nasdaq.com/symbol/idti",
"INTC","Intel Corporation","37.75","178595250000","n/a","n/a","Technology","Semiconductors","http://www.nasdaq.com/symbol/intc",
"IDN","Intellicheck Mobilisa, Inc.","1.66","16922104.74","n/a","1999","Technology","Computer Software: Prepackaged Software","http://www.nasdaq.com/symbol/idn",
"ININ","Interactive Intelligence Group, Inc.","60.2","1338746743.6","n/a","1999","Technology","Computer Software: Prepackaged Software","http://www.nasdaq.com/symbol/inin",
"LINK","Interlink Electronics, Inc.","9.6845","70968548.6475","n/a","n/a","Technology","Computer peripheral equipment","http://www.nasdaq.com/symbol/link",
"IMI","Intermolecular, Inc.","1.01","50016238.28","n/a","2011","Technology","Semiconductors","http://www.nasdaq.com/symbol/imi",
"INAP","Internap Corporation","1.44","81632345.76","n/a","1999","Technology","Computer Software: Programming, Data Processing","http://www.nasdaq.com/symbol/inap",
"IBM","International Business Machines Corporation","150.72","144064840386.24","n/a","n/a","Technology","Computer Manufacturing","http://www.nasdaq.com/symbol/ibm",
"IIJI","Internet Initiative Japan, Inc.","8.9891","17726810.8294","1972034","n/a","Technology","Computer Software: Programming, Data Processing","http://www.nasdaq.com/symbol/iiji",
"IPG","Interpublic Group of Companies, Inc. (The)","22.57","9043971637.93","n/a","n/a","Technology","Advertising","http://www.nasdaq.com/symbol/ipg",
"INTX","Intersections, Inc.","1.86","44051520.18","n/a","2004","Technology","EDP Services","http://www.nasdaq.com/symbol/intx",
"ISIL","Intersil Corporation","22.06","2989054775.4","n/a","2000","Technology","Semiconductors","http://www.nasdaq.com/symbol/isil",
"INXN","InterXion Holding N.V.","37.61","2650715190","n/a","2011","Technology","Computer Software: Programming, Data Processing","http://www.nasdaq.com/symbol/inxn",
"IVAC","Intevac, Inc.","5.85","122403516.3","n/a","1995","Technology","Industrial Machinery/Components","http://www.nasdaq.com/symbol/ivac",
"IL","IntraLinks Holdings, Inc.","9.66","553794990.84","n/a","2010","Technology","Computer Software: Prepackaged Software","http://www.nasdaq.com/symbol/il",
"INTU","Intuit Inc.","107.15","27638062271.8","n/a","1993","Technology","Computer Software: Prepackaged Software","http://www.nasdaq.com/symbol/intu",
"INVN","InvenSense, Inc.","7.18","672687020","n/a","2011","Technology","Semiconductors","http://www.nasdaq.com/symbol/invn",
"IPAS","iPass Inc.","1.62","106293100.5","n/a","2003","Technology","EDP Services","http://www.nasdaq.com/symbol/ipas",
"IPGP","IPG Photonics Corporation","82.58","4389365078.14","n/a","2006","Technology","Semiconductors","http://www.nasdaq.com/symbol/ipgp",
"IXYS","IXYS Corporation","10.99","345730585.48","n/a","n/a","Technology","Semiconductors","http://www.nasdaq.com/symbol/ixys",
"JCOM","j2 Global, Inc.","64.62","3102534729.18","n/a","1999","Technology","Telecommunications Equipment","http://www.nasdaq.com/symbol/jcom",
"JASO","JA Solar Holdings, Co., Ltd.","6.36","256220244.72","40286202","2007","Technology","Semiconductors","http://www.nasdaq.com/symbol/jaso",
"JBL","Jabil Circuit, Inc.","21.75","4156112213.25","n/a","1993","Technology","Electrical Products","http://www.nasdaq.com/symbol/jbl",
"JKHY","Jack Henry & Associates, Inc.","82.52","6480784861.08","n/a","1985","Technology","EDP Services","http://www.nasdaq.com/symbol/jkhy",
"JKS","JinkoSolar Holding Company Limited","16.48","518985622.08","n/a","2010","Technology","Semiconductors","http://www.nasdaq.com/symbol/jks",
"JIVE","Jive Software, Inc.","3.99","310058255.64","n/a","2011","Technology","EDP Services","http://www.nasdaq.com/symbol/jive",
"JBT","John Bean Technologies Corporation","74.4","2169120468","n/a","n/a","Technology","Industrial Machinery/Components","http://www.nasdaq.com/symbol/jbt",
"JNPR","Juniper Networks, Inc.","22.85","8750696986.65","n/a","1999","Technology","Computer Communications Equipment","http://www.nasdaq.com/symbol/jnpr",
"KAI","Kadant Inc","51.31","559138000.12","n/a","n/a","Technology","Industrial Machinery/Components","http://www.nasdaq.com/symbol/kai",
"KELYA","Kelly Services, Inc.","18.72","713114700.48","n/a","n/a","Technology","Professional Services","http://www.nasdaq.com/symbol/kelya",
"KELYB","Kelly Services, Inc.","18.9825","723114305.655","n/a","n/a","Technology","Professional Services","http://www.nasdaq.com/symbol/kelyb",
"KTEC","Key Technology, Inc.","10.89","69726306.87","n/a","1993","Technology","Industrial Machinery/Components","http://www.nasdaq.com/symbol/ktec",
"KTCC","Key Tronic Corporation","7.71","82928898.78","n/a","1983","Technology","Computer peripheral equipment","http://www.nasdaq.com/symbol/ktcc",
"KFRC","Kforce, Inc.","19.9","552626860.6","n/a","1995","Technology","Professional Services","http://www.nasdaq.com/symbol/kfrc",
"KE","Kimball Electronics, Inc.","13.95","392764203","n/a","n/a","Technology","Electrical Products","http://www.nasdaq.com/symbol/ke",
"KONE","Kingtone Wirelessinfo Solution Holding Ltd","4.52","3228975","714375","2010","Technology","EDP Services","http://www.nasdaq.com/symbol/kone",
"KZ","KongZhong Corporation","6.75","237628836","35204272","n/a","Technology","Telecommunications Equipment","http://www.nasdaq.com/symbol/kz",
"KOPN","Kopin Corporation","2.11","140883649.22","n/a","1992","Technology","Semiconductors","http://www.nasdaq.com/symbol/kopn",
"KFY","Korn/Ferry International","20.92","1211304358.96","n/a","1999","Technology","Diversified Commercial Services","http://www.nasdaq.com/symbol/kfy",
"KLIC","Kulicke and Soffa Industries, Inc.","12.93","910294640.43","n/a","n/a","Technology","Semiconductors","http://www.nasdaq.com/symbol/klic",
"KVHI","KVH Industries, Inc.","8.55","141154532.1","n/a","1996","Technology","Radio And Television Broadcasting And Communications Equipment","http://www.nasdaq.com/symbol/kvhi",
"KYO","Kyocera Corporation","48.57","18340934430.6","n/a","n/a","Technology","Semiconductors","http://www.nasdaq.com/symbol/kyo",
"LLL","L-3 Communications Holdings, Inc.","149.22","11525727880.26","n/a","n/a","Technology","Radio And Television Broadcasting And Communications Equipment","http://www.nasdaq.com/symbol/lll",
"LRCX","Lam Research Corporation","99.47","15941063095.23","n/a","1984","Technology","Industrial Machinery/Components","http://www.nasdaq.com/symbol/lrcx",
"LTRX","Lantronix, Inc.","1.41","24327856.59","n/a","2000","Technology","Computer Communications Equipment","http://www.nasdaq.com/symbol/ltrx",
"LSCC","Lattice Semiconductor Corporation","6.41","771468665.66","n/a","n/a","Technology","Semiconductors","http://www.nasdaq.com/symbol/lscc",
"LDOS","Leidos Holdings, Inc.","41.7","3035784394.5","n/a","n/a","Technology","EDP Services","http://www.nasdaq.com/symbol/ldos",
"LXK","Lexmark International, Inc.","39.95","2507890133.85","n/a","1995","Technology","Computer Manufacturing","http://www.nasdaq.com/symbol/lxk",
"LTRPA","Liberty TripAdvisor Holdings, Inc.","21","1573702221","n/a","n/a","Technology","EDP Services","http://www.nasdaq.com/symbol/ltrpa",
"LTRPB","Liberty TripAdvisor Holdings, Inc.","21.8","1633652781.8","n/a","n/a","Technology","EDP Services","http://www.nasdaq.com/symbol/ltrpb",
"LOCK","LifeLock, Inc.","16.99","1573139982.88","n/a","2012","Technology","EDP Services","http://www.nasdaq.com/symbol/lock",
"LPTH","LightPath Technologies, Inc.","1.46","22824556.68","n/a","1996","Technology","Semiconductors","http://www.nasdaq.com/symbol/lpth",
"LECO","Lincoln Electric Holdings, Inc.","61.21","4117284406.58","n/a","n/a","Technology","Industrial Machinery/Components","http://www.nasdaq.com/symbol/leco",
"LN","LINE Corporation","44.65","9376142800","n/a","2016","Technology","Computer Software: Programming, Data Processing","http://www.nasdaq.com/symbol/ln",
"LLTC","Linear Technology Corporation","58.94","14129170298.18","n/a","1986","Technology","Semiconductors","http://www.nasdaq.com/symbol/lltc",
"LNKD","LinkedIn Corporation","190.38","25649822580.66","n/a","2011","Technology","Computer Software: Programming, Data Processing","http://www.nasdaq.com/symbol/lnkd",
"LIQT","LiqTech International, Inc.","0.7645","30222240.7575","n/a","n/a","Technology","Industrial Machinery/Components","http://www.nasdaq.com/symbol/liqt",
"LIVE","Live Ventures Incorporated","1.89","31632315.75","n/a","n/a","Technology","EDP Services","http://www.nasdaq.com/symbol/live",
"LPSN","LivePerson, Inc.","8.36","483029806.6","n/a","2000","Technology","Computer Software: Prepackaged Software","http://www.nasdaq.com/symbol/lpsn",
"LOGI","Logitech International S.A.","21.87","3537110813.94","n/a","1997","Technology","Computer peripheral equipment","http://www.nasdaq.com/symbol/logi",
"LOGM","LogMein, Inc.","88.86","2248748652.42","n/a","2009","Technology","Computer Software: Prepackaged Software","http://www.nasdaq.com/symbol/logm",
"LORL","Loral Space and Communications, Inc.","38.35","1186271000.85","n/a","n/a","Technology","Radio And Television Broadcasting And Communications Equipment","http://www.nasdaq.com/symbol/lorl",
"LXFT","Luxoft Holding, Inc.","51.7","1716820873.9","n/a","2013","Technology","EDP Services","http://www.nasdaq.com/symbol/lxft",
"MTSI","MACOM Technology Solutions Holdings, Inc.","38.76","2080078617.24","n/a","2012","Technology","Semiconductors","http://www.nasdaq.com/symbol/mtsi",
"MGIC","Magic Software Enterprises Ltd.","7.25","321430345","n/a","1991","Technology","Computer Software: Prepackaged Software","http://www.nasdaq.com/symbol/mgic",
"MX","MagnaChip Semiconductor Corporation","8.25","286536970.5","n/a","2011","Technology","Semiconductors","http://www.nasdaq.com/symbol/mx",
"MNGA","MagneGas Corporation","0.683","34661931.722","n/a","n/a","Technology","Industrial Machinery/Components","http://www.nasdaq.com/symbol/mnga",
"MJCO","Majesco","4.98","181640539.92","n/a","2015","Technology","Computer Software: Prepackaged Software","http://www.nasdaq.com/symbol/mjco",
"COOL","Majesco Entertainment Company","3.22","8961292.2","n/a","n/a","Technology","Computer Software: Prepackaged Software","http://www.nasdaq.com/symbol/cool",
"MAMS","MAM Software Group, Inc.","6.1","75644623.8","n/a","n/a","Technology","Computer Software: Prepackaged Software","http://www.nasdaq.com/symbol/mams",
"MANH","Manhattan Associates, Inc.","59.005","4225054441.12","n/a","1998","Technology","Computer Software: Prepackaged Software","http://www.nasdaq.com/symbol/manh",
"MNTX","Manitex International, Inc.","5.1","82243140.6","n/a","n/a","Technology","Industrial Machinery/Components","http://www.nasdaq.com/symbol/mntx",
"MFS","Manitowoc Food Service, Inc.","16.36","2244307434.16","n/a","2016","Technology","Industrial Machinery/Components","http://www.nasdaq.com/symbol/mfs",
"MAN","ManpowerGroup","71.77","4918515946.34","n/a","n/a","Technology","Professional Services","http://www.nasdaq.com/symbol/man",
"MRIN","Marin Software Incorporated","2.35","90387121.75","n/a","2013","Technology","EDP Services","http://www.nasdaq.com/symbol/mrin",
"MRVL","Marvell Technology Group Ltd.","13.01","6657217000","n/a","2000","Technology","Semiconductors","http://www.nasdaq.com/symbol/mrvl",
"MTCH","Match Group, Inc.","18.64","4692165165.36","n/a","2015","Technology","Computer Software: Programming, Data Processing","http://www.nasdaq.com/symbol/mtch",
"MTLS","Materialise NV","7.64","102210746.8","13378370","2014","Technology","Computer Software: Prepackaged Software","http://www.nasdaq.com/symbol/mtls",
"MATR","Mattersight Corporation","4.1","108927246.1","n/a","n/a","Technology","EDP Services","http://www.nasdaq.com/symbol/matr",
"MXIM","Maxim Integrated Products, Inc.","38.9","11028588558.6","n/a","1988","Technology","Semiconductors","http://www.nasdaq.com/symbol/mxim",
"MXL","MaxLinear, Inc","19.77","1265736706.77","n/a","2010","Technology","Semiconductors","http://www.nasdaq.com/symbol/mxl",
"MGRC","McGrath RentCorp","30.46","728230369.6","n/a","1984","Technology","Diversified Commercial Services","http://www.nasdaq.com/symbol/mgrc",
"MDCA","MDC Partners Inc.","10.53","525816550.35","n/a","n/a","Technology","Advertising","http://www.nasdaq.com/symbol/mdca",
"MTBC","Medical Transcription Billing, Corp.","0.8287","8496031.288","n/a","2014","Technology","Computer Software: Prepackaged Software","http://www.nasdaq.com/symbol/mtbc",
"MTBCP","Medical Transcription Billing, Corp.","27.2237","8021626.5472","n/a","n/a","Technology","Computer Software: Prepackaged Software","http://www.nasdaq.com/symbol/mtbcp",
"MDSO","Medidata Solutions, Inc.","49.96","2872181714.96","n/a","2009","Technology","Computer Software: Prepackaged Software","http://www.nasdaq.com/symbol/mdso",
"MLNX","Mellanox Technologies, Ltd.","41.5","1996326748.5","n/a","2007","Technology","Semiconductors","http://www.nasdaq.com/symbol/mlnx",
"MENT","Mentor Graphics Corporation","28.81","3115973639.75","n/a","1984","Technology","EDP Services","http://www.nasdaq.com/symbol/ment",
"MCHP","Microchip Technology Incorporated","58.86","12671877754.98","n/a","1993","Technology","Semiconductors","http://www.nasdaq.com/symbol/mchp",
"MU","Micron Technology, Inc.","17.41","18078379353.63","n/a","n/a","Technology","Semiconductors","http://www.nasdaq.com/symbol/mu",
"MSCC","Microsemi Corporation","37.92","4292091197.28","n/a","n/a","Technology","Semiconductors","http://www.nasdaq.com/symbol/mscc",
"MSFT","Microsoft Corporation","57.66","449316447939.18","n/a","1986","Technology","Computer Software: Prepackaged Software","http://www.nasdaq.com/symbol/msft",
"MSTR","MicroStrategy Incorporated","172.58","1972783897.66","n/a","1998","Technology","Computer Software: Prepackaged Software","http://www.nasdaq.com/symbol/mstr",
"MCRN","Milacron Holdings Corp.","15.37","1041892875.95","n/a","2015","Technology","Industrial Machinery/Components","http://www.nasdaq.com/symbol/mcrn",
"MIME","Mimecast Limited","19.33","1053033064.6","n/a","2015","Technology","Computer Software: Prepackaged Software","http://www.nasdaq.com/symbol/mime",
"MNDO","MIND C.T.I. Ltd.","2.24","43082856.32","n/a","n/a","Technology","EDP Services","http://www.nasdaq.com/symbol/mndo",
"MB","MINDBODY, Inc.","17.7","703140270.3","n/a","2015","Technology","EDP Services","http://www.nasdaq.com/symbol/mb",
"MIND","Mitcham Industries, Inc.","3.41","41226074.78","n/a","1994","Technology","Diversified Commercial Services","http://www.nasdaq.com/symbol/mind",
"MINDP","Mitcham Industries, Inc.","23.6","0","n/a","n/a","Technology","Diversified Commercial Services","http://www.nasdaq.com/symbol/mindp",
"MITK","Mitek Systems, Inc.","7.2","235637654.4","n/a","n/a","Technology","Computer peripheral equipment","http://www.nasdaq.com/symbol/mitk",
"MITL","Mitel Networks Corporation","6.84","833616812.52","n/a","n/a","Technology","Radio And Television Broadcasting And Communications Equipment","http://www.nasdaq.com/symbol/mitl",
"MIXT","MiX Telematics Limited","6.36","194129587.2","n/a","2013","Technology","Computer Software: Prepackaged Software","http://www.nasdaq.com/symbol/mixt",
"MOBL","MobileIron, Inc.","3.6","308572318.8","n/a","2014","Technology","Computer Software: Prepackaged Software","http://www.nasdaq.com/symbol/mobl",
"MBLY","Mobileye N.V.","36.8","8053585424","n/a","2014","Technology","Computer Software: Prepackaged Software","http://www.nasdaq.com/symbol/mbly",
"MODN","Model N, Inc.","10.15","280823612.65","n/a","2013","Technology","Computer Software: Programming, Data Processing","http://www.nasdaq.com/symbol/modn",
"MDSY","ModSys International Ltd.","1.2","22422595.2","n/a","n/a","Technology","EDP Services","http://www.nasdaq.com/symbol/mdsy",
"MOMO","Momo Inc.","24.09","1189151393.76","49362864","2014","Technology","Computer Software: Prepackaged Software","http://www.nasdaq.com/symbol/momo",
"MPWR","Monolithic Power Systems, Inc.","76.98","3117093866.88","n/a","2004","Technology","Semiconductors","http://www.nasdaq.com/symbol/mpwr",
"TYPE","Monotype Imaging Holdings Inc.","21.4","873342260.4","n/a","2007","Technology","EDP Services","http://www.nasdaq.com/symbol/type",
"MSDI","Monster Digital, Inc.","1.43","10494841.5","n/a","2016","Technology","Electronic Components","http://www.nasdaq.com/symbol/msdi",
"MSDIW","Monster Digital, Inc.","0.1605","0","n/a","2016","Technology","Electronic Components","http://www.nasdaq.com/symbol/msdiw",
"MWW","Monster Worldwide, Inc.","3.46","308164685.48","n/a","n/a","Technology","Professional Services","http://www.nasdaq.com/symbol/mww",
"MOSY","MoSys, Inc.","0.64","42231399.04","n/a","2001","Technology","Semiconductors","http://www.nasdaq.com/symbol/mosy",
"MSI","Motorola Solutions, Inc.","73.8","12304351789.2","n/a","n/a","Technology","Radio And Television Broadcasting And Communications Equipment","http://www.nasdaq.com/symbol/msi",
"MRVC","MRV Communications, Inc.","11.85","81494559.3","n/a","1992","Technology","Semiconductors","http://www.nasdaq.com/symbol/mrvc",
"MYSZ","My Size, Inc.","5.25","88422395.25","n/a","n/a","Technology","Computer Software: Prepackaged Software","http://www.nasdaq.com/symbol/mysz",
"NNDM","Nano Dimension Ltd.","6.81","4054946.4","595440","n/a","Technology","Electrical Products","http://www.nasdaq.com/symbol/nndm",
"NH","NantHealth, Inc.","13.69","1659661192.67","n/a","2016","Technology","EDP Services","http://www.nasdaq.com/symbol/nh",
"NATI","National Instruments Corporation","27.77","3571409919.59","n/a","1995","Technology","Computer Software: Prepackaged Software","http://www.nasdaq.com/symbol/nati",
"NCIT","NCI, Inc.","11.6","156651005.2","n/a","2005","Technology","EDP Services","http://www.nasdaq.com/symbol/ncit",
"NEFF","Neff Corporation","9.45","226585853.55","n/a","2014","Technology","Diversified Commercial Services","http://www.nasdaq.com/symbol/neff",
"NPTN","NeoPhotonics Corporation","15.03","628480953","n/a","2011","Technology","Semiconductors","http://www.nasdaq.com/symbol/nptn",
"NETE","Net Element, Inc.","1.08","15123195.72","n/a","n/a","Technology","EDP Services","http://www.nasdaq.com/symbol/nete",
"NTAP","NetApp, Inc.","33.65","9377174633.1","n/a","1995","Technology","Electronic Components","http://www.nasdaq.com/symbol/ntap",
"NLST","Netlist, Inc.","1.21","61836846.72","n/a","2006","Technology","Semiconductors","http://www.nasdaq.com/symbol/nlst",
"NTCT","NetScout Systems, Inc.","29","2667785516","n/a","1999","Technology","EDP Services","http://www.nasdaq.com/symbol/ntct",
"NTWK","NetSol Technologies Inc.","6.5","69793340.5","n/a","n/a","Technology","Computer Software: Prepackaged Software","http://www.nasdaq.com/symbol/ntwk",
"N","Netsuite Inc","100.49","8132548879.13","n/a","2007","Technology","Computer Software: Prepackaged Software","http://www.nasdaq.com/symbol/n",
"NTIP","Network-1 Technologies, Inc.","2.6905","62736933.713","n/a","n/a","Technology","Computer Software: Prepackaged Software","http://www.nasdaq.com/symbol/ntip",
"NEWR","New Relic, Inc.","35.29","1794107392.46","n/a","2014","Technology","Computer Software: Prepackaged Software","http://www.nasdaq.com/symbol/newr",
"NICE","NICE Ltd","67.51","2619681195.93","38804343","n/a","Technology","Computer Manufacturing","http://www.nasdaq.com/symbol/nice",
"NMBL","Nimble Storage, Inc.","8.03","683353000","n/a","2013","Technology","Electronic Components","http://www.nasdaq.com/symbol/nmbl",
"NOK","Nokia Corporation","5.02","29294530085.24","n/a","1994","Technology","Radio And Television Broadcasting And Communications Equipment","http://www.nasdaq.com/symbol/nok",
"NQ","NQ Mobile Inc.","3.79","348178889.99","n/a","2011","Technology","Computer Software: Prepackaged Software","http://www.nasdaq.com/symbol/nq",
"DCM","NTT DOCOMO, Inc","24.73","92503261149.5","n/a","n/a","Technology","Radio And Television Broadcasting And Communications Equipment","http://www.nasdaq.com/symbol/dcm",
"NUAN","Nuance Communications, Inc.","13.79","3856922355.79","n/a","n/a","Technology","Computer Software: Prepackaged Software","http://www.nasdaq.com/symbol/nuan",
"NTNX","Nutanix, Inc.","30.74","4219776999.88","n/a","2016","Technology","Computer Software: Prepackaged Software","http://www.nasdaq.com/symbol/ntnx",
"NVEC","NVE Corporation","55.89","270228708.9","n/a","n/a","Technology","Semiconductors","http://www.nasdaq.com/symbol/nvec",
"NVDA","NVIDIA Corporation","66.61","35636350000","n/a","1999","Technology","Semiconductors","http://www.nasdaq.com/symbol/nvda",
"NXPI","NXP Semiconductors N.V.","101.65","34480759929.6","n/a","2010","Technology","Semiconductors","http://www.nasdaq.com/symbol/nxpi",
"OIIM","O2Micro International Limited","1.8","60072285.6","33373492","n/a","Technology","Semiconductors","http://www.nasdaq.com/symbol/oiim",
"OCLR","Oclaro, Inc.","8.02","1185818537.46","n/a","n/a","Technology","Semiconductors","http://www.nasdaq.com/symbol/oclr",
"OMCL","Omnicell, Inc.","35.65","1289169417.75","n/a","2001","Technology","Computer Manufacturing","http://www.nasdaq.com/symbol/omcl",
"OMC","Omnicom Group Inc.","80.87","19128849328.81","n/a","n/a","Technology","Advertising","http://www.nasdaq.com/symbol/omc",
"ASGN","On Assignment, Inc.","36.55","1949873566.7","n/a","1992","Technology","Professional Services","http://www.nasdaq.com/symbol/asgn",
"ON","ON Semiconductor Corporation","11.67","4849481045.25","n/a","n/a","Technology","Semiconductors","http://www.nasdaq.com/symbol/on",
"OTIV","On Track Innovations Ltd","0.93","38041999.68","n/a","n/a","Technology","Semiconductors","http://www.nasdaq.com/symbol/otiv",
"OOMA","Ooma, Inc.","8.74","152107289.2","n/a","2015","Technology","EDP Services","http://www.nasdaq.com/symbol/ooma",
"OTEX","Open Text Corporation","64.39","7821674930.38","n/a","1996","Technology","EDP Services","http://www.nasdaq.com/symbol/otex",
"ORCL","Oracle Corporation","38.42","157735884140","n/a","1986","Technology","Computer Software: Prepackaged Software","http://www.nasdaq.com/symbol/orcl",
"OSIS","OSI Systems, Inc.","65.86","1248467977.12","n/a","1997","Technology","Semiconductors","http://www.nasdaq.com/symbol/osis",
"PFIN","P & F Industries, Inc.","8.1745","29410788.315","n/a","n/a","Technology","Industrial Machinery/Components","http://www.nasdaq.com/symbol/pfin",
"PANW","Palo Alto Networks, Inc.","148.46","13487658846.22","n/a","2012","Technology","Computer peripheral equipment","http://www.nasdaq.com/symbol/panw",
"PCYG","Park City Group, Inc.","14.1","271938663","n/a","n/a","Technology","EDP Services","http://www.nasdaq.com/symbol/pcyg",
"PKE","Park Electrochemical Corporation","14.06","284499474.26","n/a","n/a","Technology","Electrical Products","http://www.nasdaq.com/symbol/pke",
"PRKR","ParkerVision, Inc.","3.9","49968469.2","n/a","1993","Technology","Radio And Television Broadcasting And Communications Equipment","http://www.nasdaq.com/symbol/prkr",
"PAYC","Paycom Software, Inc.","50.01","2991937117.77","n/a","2014","Technology","Computer Software: Prepackaged Software","http://www.nasdaq.com/symbol/payc",
"PCTY","Paylocity Holding Corporation","44.36","2269343594.8","n/a","2014","Technology","Computer Software: Prepackaged Software","http://www.nasdaq.com/symbol/pcty",
"PCTI","PC-Tel, Inc.","5.48","94936298.16","n/a","1999","Technology","Radio And Television Broadcasting And Communications Equipment","http://www.nasdaq.com/symbol/pcti",
"PDFS","PDF Solutions, Inc.","17.95","562574557.95","n/a","2001","Technology","EDP Services","http://www.nasdaq.com/symbol/pdfs",
"PEGA","Pegasystems Inc.","29.9","2281125358.2","n/a","1996","Technology","EDP Services","http://www.nasdaq.com/symbol/pega",
"PNR","Pentair plc.","59.44","10764189675.04","n/a","n/a","Technology","Industrial Machinery/Components","http://www.nasdaq.com/symbol/pnr",
"PRFT","Perficient, Inc.","18.84","680197457.16","n/a","1999","Technology","EDP Services","http://www.nasdaq.com/symbol/prft",
"PERI","Perion Network Ltd","1.13","86249044.44","n/a","n/a","Technology","EDP Services","http://www.nasdaq.com/symbol/peri",
"PLAB","Photronics, Inc.","10","681867900","n/a","1987","Technology","Semiconductors","http://www.nasdaq.com/symbol/plab",
"PXLW","Pixelworks, Inc.","2.69","76147457.45","n/a","2000","Technology","Semiconductors","http://www.nasdaq.com/symbol/pxlw",
"PLXS","Plexus Corp.","45.58","1523860323.74","n/a","n/a","Technology","Electrical Products","http://www.nasdaq.com/symbol/plxs",
"PNTR","Pointer Telocation Ltd.","7.51","58621888.44","n/a","n/a","Technology","Radio And Television Broadcasting And Communications Equipment","http://www.nasdaq.com/symbol/pntr",
"POWI","Power Integrations, Inc.","63","1819966491","n/a","1997","Technology","Semiconductors","http://www.nasdaq.com/symbol/powi",
"IPDN","Professional Diversity Network, Inc.","7.8","14148186","n/a","2013","Technology","Computer Software: Programming, Data Processing","http://www.nasdaq.com/symbol/ipdn",
"PRGS","Progress Software Corporation","26.96","1310051562.32","n/a","1991","Technology","Computer Software: Prepackaged Software","http://www.nasdaq.com/symbol/prgs",
"PFPT","Proofpoint, Inc.","70.91","2980671216.88","n/a","2012","Technology","EDP Services","http://www.nasdaq.com/symbol/pfpt",
"PRO","PROS Holdings, Inc.","22.04","669775962.36","n/a","2007","Technology","EDP Services","http://www.nasdaq.com/symbol/pro",
"PTC","PTC Inc.","46.13","5302923832.01","n/a","n/a","Technology","Computer Software: Prepackaged Software","http://www.nasdaq.com/symbol/ptc",
"PSTG","Pure Storage, Inc. ","12.23","2404524205.32","n/a","2015","Technology","Electronic Components","http://www.nasdaq.com/symbol/pstg",
"QTWO","Q2 Holdings, Inc.","28.35","1127751291.45","n/a","2014","Technology","Computer Software: Prepackaged Software","http://www.nasdaq.com/symbol/qtwo",
"QADA","QAD Inc.","23.15","458625529.7","n/a","n/a","Technology","Computer Software: Prepackaged Software","http://www.nasdaq.com/symbol/qada",
"QADB","QAD Inc.","20.98","415635577.24","n/a","n/a","Technology","Computer Software: Prepackaged Software","http://www.nasdaq.com/symbol/qadb",
"QRVO","Qorvo, Inc.","53.59","6853966521.89","n/a","n/a","Technology","Semiconductors","http://www.nasdaq.com/symbol/qrvo",
"QCOM","QUALCOMM Incorporated","66.1","97408158248.5","n/a","1991","Technology","Radio And Television Broadcasting And Communications Equipment","http://www.nasdaq.com/symbol/qcom",
"QSII","Quality Systems, Inc.","12.27","754684546.41","n/a","1982","Technology","EDP Services","http://www.nasdaq.com/symbol/qsii",
"QBAK","Qualstar Corporation","3.44","7024548.8","n/a","2000","Technology","Electronic Components","http://www.nasdaq.com/symbol/qbak",
"QLYS","Qualys, Inc.","37.95","1342425729.15","n/a","2012","Technology","Computer Software: Prepackaged Software","http://www.nasdaq.com/symbol/qlys",
"QTM","Quantum Corporation","0.786","211588444.284","n/a","n/a","Technology","Electronic Components","http://www.nasdaq.com/symbol/qtm",
"QRHC","Quest Resource Holding Corporation.","2.15","31915679.3","n/a","n/a","Technology","Diversified Commercial Services","http://www.nasdaq.com/symbol/qrhc",
"QUIK","QuickLogic Corporation","0.7918","53671119.4076","n/a","1999","Technology","Semiconductors","http://www.nasdaq.com/symbol/quik",
"QUMU","Qumu Corporation","3.242","29931408.38","n/a","n/a","Technology","Computer Software: Prepackaged Software","http://www.nasdaq.com/symbol/qumu",
"QUNR","Qunar Cayman Islands Limited","28.95","1903802575.65","65761747","2013","Technology","Computer Software: Programming, Data Processing","http://www.nasdaq.com/symbol/qunr",
"RAX","Rackspace Hosting, Inc","31.79","3999347943.8","n/a","2008","Technology","Computer Software: Programming, Data Processing","http://www.nasdaq.com/symbol/rax",
"RDCM","Radcom Ltd.","20.1","227443359","n/a","1997","Technology","Computer peripheral equipment","http://www.nasdaq.com/symbol/rdcm",
"RSYS","RadiSys Corporation","4.47","171110455.68","n/a","1995","Technology","Computer peripheral equipment","http://www.nasdaq.com/symbol/rsys",
"RMBS","Rambus, Inc.","11.7","1285790337","n/a","1997","Technology","Semiconductors","http://www.nasdaq.com/symbol/rmbs",
"RPD","Rapid7, Inc.","15.2","639535394.4","n/a","2015","Technology","Computer Software: Prepackaged Software","http://www.nasdaq.com/symbol/rpd",
"RCMT","RCM Technologies, Inc.","6.9946","85999963.9524","n/a","n/a","Technology","Professional Services","http://www.nasdaq.com/symbol/rcmt",
"RNWK","RealNetworks, Inc.","4.73","174061805.28","n/a","1997","Technology","EDP Services","http://www.nasdaq.com/symbol/rnwk",
"RP","RealPage, Inc.","24.6","1974523329.6","n/a","2010","Technology","Computer Software: Prepackaged Software","http://www.nasdaq.com/symbol/rp",
"RHT","Red Hat, Inc.","77.5","13918695580","n/a","n/a","Technology","Computer Software: Programming, Data Processing","http://www.nasdaq.com/symbol/rht",
"RWC","RELM Wireless Corporation","5.4","74205444.6","n/a","n/a","Technology","Radio And Television Broadcasting And Communications Equipment","http://www.nasdaq.com/symbol/rwc",
"SOL","Renesola Ltd.","0.9702","98575079.2488","n/a","2008","Technology","Semiconductors","http://www.nasdaq.com/symbol/sol",
"RENN","Renren Inc.","2.09","710428300.23","n/a","2011","Technology","EDP Services","http://www.nasdaq.com/symbol/renn",
"RCII","Rent-A-Center Inc.","9.26","491856576.86","n/a","1995","Technology","Diversified Commercial Services","http://www.nasdaq.com/symbol/rcii",
"RESN","Resonant Inc.","4.7","45075942.2","n/a","2014","Technology","Semiconductors","http://www.nasdaq.com/symbol/resn",
"RXN","Rexnord Corporation","19.11","1962826835.97","n/a","2012","Technology","Industrial Machinery/Components","http://www.nasdaq.com/symbol/rxn",
"RNG","Ringcentral, Inc.","21.65","1582470702.75","n/a","2013","Technology","EDP Services","http://www.nasdaq.com/symbol/rng",
"RHI","Robert Half International Inc.","38.06","4953135593.34","n/a","n/a","Technology","Professional Services","http://www.nasdaq.com/symbol/rhi",
"FUEL","Rocket Fuel Inc.","2.61","116022032.46","n/a","2013","Technology","Computer Software: Programming, Data Processing","http://www.nasdaq.com/symbol/fuel",
"RST","Rosetta Stone","7.38","162228894.3","n/a","2009","Technology","Computer Software: Prepackaged Software","http://www.nasdaq.com/symbol/rst",
"RBCN","Rubicon Technology, Inc.","0.61","16366014.52","n/a","2007","Technology","Semiconductors","http://www.nasdaq.com/symbol/rbcn",
"SABR","Sabre Corporation","26.11","7260406211.73","n/a","2014","Technology","Computer Software: Programming, Data Processing","http://www.nasdaq.com/symbol/sabr",
"CRM","Salesforce.com Inc","72.77","49421272058.38","n/a","2004","Technology","Computer Software: Prepackaged Software","http://www.nasdaq.com/symbol/crm",
"SANM","Sanmina Corporation","28.2","2084137074","n/a","1993","Technology","Electrical Products","http://www.nasdaq.com/symbol/sanm",
"SAP","SAP SE","87.66","107690680977.12","n/a","n/a","Technology","Computer Software: Prepackaged Software","http://www.nasdaq.com/symbol/sap",
"SPNS","Sapiens International Corporation N.V.","13.37","651918271.97","n/a","1992","Technology","Computer Software: Prepackaged Software","http://www.nasdaq.com/symbol/spns",
"SCSC","ScanSource, Inc.","35.5","909716113","n/a","n/a","Technology","Retail: Computer Software & Peripheral Equipment","http://www.nasdaq.com/symbol/scsc",
"SAIC","SCIENCE APPLICATIONS INTERNATIONAL CORPORATION","67.6","2989482844.4","n/a","n/a","Technology","EDP Services","http://www.nasdaq.com/symbol/saic",
"SGMS","Scientific Games Corp","12.7","1111550596.3","n/a","n/a","Technology","EDP Services","http://www.nasdaq.com/symbol/sgms",
"SEAC","SeaChange International, Inc.","2.66","93588437.18","n/a","1996","Technology","Radio And Television Broadcasting And Communications Equipment","http://www.nasdaq.com/symbol/seac",
"STX","Seagate Technology PLC","35.34","10552850223.54","n/a","2002","Technology","Electronic Components","http://www.nasdaq.com/symbol/stx",
"SCWX","SecureWorks Corp.","12.05","972087345.45","n/a","2016","Technology","Computer Software: Prepackaged Software","http://www.nasdaq.com/symbol/scwx",
"SMI","Semiconductor  Manufacturing International Corporation","6.15","5189409046.35","n/a","2004","Technology","Semiconductors","http://www.nasdaq.com/symbol/smi",
"LEDS","SemiLEDS Corporation","4.75","13966377.5","n/a","2010","Technology","Semiconductors","http://www.nasdaq.com/symbol/leds",
"SMTC","Semtech Corporation","24.85","1629331948.3","n/a","n/a","Technology","Semiconductors","http://www.nasdaq.com/symbol/smtc",
"SQNS","Sequans Communications S.A.","1.73","102644135.1","n/a","2011","Technology","Semiconductors","http://www.nasdaq.com/symbol/sqns",
"NOW","ServiceNow, Inc.","76.16","12528320000","n/a","2012","Technology","Computer Software: Prepackaged Software","http://www.nasdaq.com/symbol/now",
"SGOC","SGOCO Group, Ltd","3.02","13503069.3","n/a","2010","Technology","Radio And Television Broadcasting And Communications Equipment","http://www.nasdaq.com/symbol/sgoc",
"SHSP","SharpSpring, Inc.","5.26","43910637.8","n/a","n/a","Technology","EDP Services","http://www.nasdaq.com/symbol/shsp",
"SHOP","Shopify Inc.","42.48","3225645182.16","n/a","2015","Technology","Computer Software: Prepackaged Software","http://www.nasdaq.com/symbol/shop",
"SSTK","Shutterstock, Inc.","61.74","2161905991.56","n/a","2012","Technology","EDP Services","http://www.nasdaq.com/symbol/sstk",
"SWIR","Sierra Wireless, Inc.","13.45","431069635.15","n/a","n/a","Technology","Radio And Television Broadcasting And Communications Equipment","http://www.nasdaq.com/symbol/swir",
"SIFY","Sify Technologies Limited","1.1","27607002.5","25097275","n/a","Technology","Computer Software: Programming, Data Processing","http://www.nasdaq.com/symbol/sify",
"SIGM","Sigma Designs, Inc.","7.55","282796620.3","n/a","1986","Technology","Semiconductors","http://www.nasdaq.com/symbol/sigm",
"SGMA","SigmaTron International, Inc.","5.46","22853446.98","n/a","1994","Technology","Electrical Products","http://www.nasdaq.com/symbol/sgma",
"SILC","Silicom Ltd","38.67","284091591.21","n/a","n/a","Technology","Computer Communications Equipment","http://www.nasdaq.com/symbol/silc",
"SGI","Silicon Graphics International Corp","7.7","281191726.2","n/a","n/a","Technology","Computer Manufacturing","http://www.nasdaq.com/symbol/sgi",
"SLAB","Silicon Laboratories, Inc.","58.4","2429267136","n/a","2000","Technology","Semiconductors","http://www.nasdaq.com/symbol/slab",
"SIMO","Silicon Motion Technology Corporation","46.72","1644983027.84","35209397","2005","Technology","Semiconductors","http://www.nasdaq.com/symbol/simo",
"SPIL","Siliconware Precision Industries Company, Ltd.","7.52","322967027.36","42947743","n/a","Technology","Semiconductors","http://www.nasdaq.com/symbol/spil",
"SSNI","Silver Spring Networks, Inc.","13.8","711947754.6","n/a","2013","Technology","Computer Communications Equipment","http://www.nasdaq.com/symbol/ssni",
"SLP","Simulations Plus, Inc.","8.73","148863645.72","n/a","n/a","Technology","EDP Services","http://www.nasdaq.com/symbol/slp",
"SINA","Sina Corporation","77.54","5415451832.54","n/a","n/a","Technology","Computer Software: Prepackaged Software","http://www.nasdaq.com/symbol/sina",
"MOBI","Sky-mobi Limited","2.08","27119832.48","13038381","2010","Technology","Computer Software: Prepackaged Software","http://www.nasdaq.com/symbol/mobi",
"SWKS","Skyworks Solutions, Inc.","77.65","14559069059","n/a","n/a","Technology","Semiconductors","http://www.nasdaq.com/symbol/swks",
"SMSI","Smith Micro Software, Inc.","1.8","22183273.8","n/a","1995","Technology","Computer Software: Prepackaged Software","http://www.nasdaq.com/symbol/smsi",
"SMTX","SMTC Corporation","1.38","22784048.4","n/a","2000","Technology","Electrical Products","http://www.nasdaq.com/symbol/smtx",
"SCKT","Socket Mobile, Inc.","2.82","16475742.84","n/a","n/a","Technology","Computer Manufacturing","http://www.nasdaq.com/symbol/sckt",
"SOHU","Sohu.com Inc.","42.21","1634442281.64","n/a","n/a","Technology","EDP Services","http://www.nasdaq.com/symbol/sohu",
"SEDG","SolarEdge Technologies, Inc.","14.2","580754397.4","n/a","2015","Technology","Semiconductors","http://www.nasdaq.com/symbol/sedg",
"SOFO","Sonic Foundry, Inc.","5.5134","24322689.3906","n/a","n/a","Technology","Radio And Television Broadcasting And Communications Equipment","http://www.nasdaq.com/symbol/sofo",
"SONS","Sonus Networks, Inc.","7.43","366984023.71","n/a","n/a","Technology","EDP Services","http://www.nasdaq.com/symbol/sons",
"SPA","Sparton Corporation","24.78","243820282.44","n/a","n/a","Technology","Electrical Products","http://www.nasdaq.com/symbol/spa",
"ANY","Sphere 3D Corp.","0.53","27043250","n/a","n/a","Technology","EDP Services","http://www.nasdaq.com/symbol/any",
"SPI","SPI Energy Co., Ltd.","2.6","163269982.2","62796147","n/a","Technology","Semiconductors","http://www.nasdaq.com/symbol/spi",
"SPLK","Splunk Inc.","57.66","7757770310.58","n/a","2012","Technology","Computer Software: Prepackaged Software","http://www.nasdaq.com/symbol/splk",
"SPSC","SPS Commerce, Inc.","69.99","1188270622.8","n/a","2010","Technology","Computer Software: Prepackaged Software","http://www.nasdaq.com/symbol/spsc",
"SPXC","SPX Corporation","n/a","0","n/a","n/a","Technology","Industrial Machinery/Components","http://www.nasdaq.com/symbol/spxc",
"FLOW","SPX FLOW, Inc.","25.53","1067250248.1","n/a","2015","Technology","Industrial Machinery/Components","http://www.nasdaq.com/symbol/flow",
"SQ","Square, Inc.","11.34","3875613637.14","n/a","2015","Technology","Computer Software: Prepackaged Software","http://www.nasdaq.com/symbol/sq",
"SSNC","SS&C Technologies Holdings, Inc.","31.74","6384113898.96","n/a","2010","Technology","Computer Software: Prepackaged Software","http://www.nasdaq.com/symbol/ssnc",
"STAF","Staffing 360 Solutions, Inc.","1.11","8343087.45","n/a","1996","Technology","Professional Services","http://www.nasdaq.com/symbol/staf",
"SXI","Standex International Corporation","87.85","1122503550.7","n/a","n/a","Technology","Industrial Machinery/Components","http://www.nasdaq.com/symbol/sxi",
"SRT","StarTek, Inc.","6.25","98341450","n/a","1997","Technology","Professional Services","http://www.nasdaq.com/symbol/srt",
"STM","STMicroelectronics N.V.","8.26","7295797099.64","n/a","n/a","Technology","Semiconductors","http://www.nasdaq.com/symbol/stm",
"SSYS","Stratasys, Ltd.","20.39","1064725020","n/a","1994","Technology","Computer peripheral equipment","http://www.nasdaq.com/symbol/ssys",
"STRM","Streamline Health Solutions, Inc.","1.92","37736225.28","n/a","n/a","Technology","EDP Services","http://www.nasdaq.com/symbol/strm",
"SEMI","SunEdison Semiconductor Limited","11.55","489366038.7","n/a","2014","Technology","Semiconductors","http://www.nasdaq.com/symbol/semi",
"SPWR","SunPower Corporation","n/a","0","n/a","2005","Technology","Semiconductors","http://www.nasdaq.com/symbol/spwr",
"SMCI","Super Micro Computer, Inc.","21.85","1063142973.65","n/a","2007","Technology","Computer Manufacturing","http://www.nasdaq.com/symbol/smci",
"SPCB","SuperCom, Ltd.","3.39","52523354.85","n/a","n/a","Technology","Semiconductors","http://www.nasdaq.com/symbol/spcb",
"SCON","Superconductor Technologies Inc.","2.51","8224813.18","n/a","1993","Technology","Radio And Television Broadcasting And Communications Equipment","http://www.nasdaq.com/symbol/scon",
"SPRT","support.com, Inc.","0.82","45333486.8","n/a","2000","Technology","EDP Services","http://www.nasdaq.com/symbol/sprt",
"SYKE","Sykes Enterprises, Incorporated","27.62","1188843102.7","n/a","1996","Technology","EDP Services","http://www.nasdaq.com/symbol/syke",
"SYMC","Symantec Corporation","24.22","14909555940.44","n/a","1989","Technology","Computer Software: Prepackaged Software","http://www.nasdaq.com/symbol/symc",
"SYNC","Synacor, Inc.","2.95","89358485.4","n/a","2012","Technology","Computer Software: Programming, Data Processing","http://www.nasdaq.com/symbol/sync",
"SYNA","Synaptics Incorporated","65.9","2294075543.5","n/a","2002","Technology","EDP Services","http://www.nasdaq.com/symbol/syna",
"SNCR","Synchronoss Technologies, Inc.","36.72","1657364140.08","n/a","2006","Technology","EDP Services","http://www.nasdaq.com/symbol/sncr",
"SNX","Synnex Corporation","104.71","4165186525.97","n/a","2003","Technology","Retail: Computer Software & Peripheral Equipment","http://www.nasdaq.com/symbol/snx",
"SNPS","Synopsys, Inc.","59.62","9022823787.12","n/a","1992","Technology","Computer Software: Prepackaged Software","http://www.nasdaq.com/symbol/snps",
"SYNT","Syntel, Inc.","26.51","2226925918.91","n/a","1997","Technology","EDP Services","http://www.nasdaq.com/symbol/synt",
"SYRX","Sysorex Global","0.25","6748258.75","n/a","2014","Technology","EDP Services","http://www.nasdaq.com/symbol/syrx",
"DATA","Tableau Software, Inc.","47.23","3555902067.65","n/a","2013","Technology","Computer Software: Prepackaged Software","http://www.nasdaq.com/symbol/data",
"TSM","Taiwan Semiconductor Manufacturing Company Ltd.","30.86","160042305360","n/a","1997","Technology","Semiconductors","http://www.nasdaq.com/symbol/tsm",
"TTWO","Take-Two Interactive Software, Inc.","45.09","3878430418.08","n/a","1997","Technology","Computer Software: Prepackaged Software","http://www.nasdaq.com/symbol/ttwo",
"TLND","Talend S.A.","24.26","127365000","5250000","2016","Technology","Computer Software: Prepackaged Software","http://www.nasdaq.com/symbol/tlnd",
"TNGO","Tangoe, Inc.","8.19","322938415.8","n/a","2011","Technology","Computer Software: Prepackaged Software","http://www.nasdaq.com/symbol/tngo",
"TMH","Team Health Holdings, Inc.","40.25","2984840783.75","n/a","2009","Technology","Professional Services","http://www.nasdaq.com/symbol/tmh",
"TECD","Tech Data Corporation","80.57","2837183520.15","n/a","1986","Technology","Retail: Computer Software & Peripheral Equipment","http://www.nasdaq.com/symbol/tecd",
"TCCO","Technical Communications Corporation","2.35","4323710.95","n/a","n/a","Technology","Radio And Television Broadcasting And Communications Equipment","http://www.nasdaq.com/symbol/tcco",
"TTEC","TeleTech Holdings, Inc.","28.55","1348794873.15","n/a","1996","Technology","Professional Services","http://www.nasdaq.com/symbol/ttec",
"TNC","Tennant Company","61.14","1075183033.74","n/a","n/a","Technology","Industrial Machinery/Components","http://www.nasdaq.com/symbol/tnc",
"TDC","Teradata Corporation","29.5","3846800000","n/a","n/a","Technology","Computer Manufacturing","http://www.nasdaq.com/symbol/tdc",
"TSRA","Tessera Technologies, Inc.","37.75","1833646265.25","n/a","2003","Technology","Semiconductors","http://www.nasdaq.com/symbol/tsra",
"TXN","Texas Instruments Incorporated","69.25","69472275603","n/a","n/a","Technology","Semiconductors","http://www.nasdaq.com/symbol/txn",
"TGH","Textainer Group Holdings Limited","7.3","413112818.1","n/a","2007","Technology","Diversified Commercial Services","http://www.nasdaq.com/symbol/tgh",
"DSGX","The Descartes Systems Group Inc.","21.2","1607260700.8","n/a","n/a","Technology","Computer Software: Prepackaged Software","http://www.nasdaq.com/symbol/dsgx",
"KEYW","The KEYW Holding Corporation","10.8","442316624.4","n/a","2010","Technology","EDP Services","http://www.nasdaq.com/symbol/keyw",
"MIDD","The Middleby Corporation","117.68","6771279662.88","n/a","n/a","Technology","Industrial Machinery/Components","http://www.nasdaq.com/symbol/midd",
"RUBI","The Rubicon Project, Inc.","8.09","395767581.19","n/a","2014","Technology","Computer Software: Programming, Data Processing","http://www.nasdaq.com/symbol/rubi",
"TTD","The Trade Desk, Inc.","25.88","989373662.88","n/a","2016","Technology","Computer Software: Programming, Data Processing","http://www.nasdaq.com/symbol/ttd",
"ULTI","The Ultimate Software Group, Inc.","204.05","5904804613.4","n/a","1998","Technology","Computer Software: Prepackaged Software","http://www.nasdaq.com/symbol/ulti",
"TISA","Top Image Systems, Ltd.","1.85","33150383.1","n/a","1996","Technology","Computer peripheral equipment","http://www.nasdaq.com/symbol/tisa",
"TSEM","Tower Semiconductor Ltd.","15.9","1373076300","n/a","1994","Technology","Semiconductors","http://www.nasdaq.com/symbol/tsem",
"TACT","TransAct Technologies Incorporated","7.1","52958963.9","n/a","1996","Technology","Computer peripheral equipment","http://www.nasdaq.com/symbol/tact",
"TZOO","Travelzoo Inc.","12.3","170298616.8","n/a","n/a","Technology","EDP Services","http://www.nasdaq.com/symbol/tzoo",
"TRMR","Tremor Video, Inc.","1.73","90716541.11","n/a","2013","Technology","Advertising","http://www.nasdaq.com/symbol/trmr",
"TSL","Trina Solar Limited","10.42","964710483.6","n/a","2006","Technology","Semiconductors","http://www.nasdaq.com/symbol/tsl",
"TRT","Trio-Tech International","3.3999","11944035.6945","n/a","n/a","Technology","Industrial Machinery/Components","http://www.nasdaq.com/symbol/trt",
"TRIP","TripAdvisor, Inc.","63.19","9204109620.67","n/a","n/a","Technology","Computer Software: Programming, Data Processing","http://www.nasdaq.com/symbol/trip",
"TRTN","Triton International Limited","13.06","436142500.46","n/a","2016","Technology","Diversified Commercial Services","http://www.nasdaq.com/symbol/trtn",
"TBI","TrueBlue, Inc.","21.15","898336457.55","n/a","n/a","Technology","Professional Services","http://www.nasdaq.com/symbol/tbi",
"TRUE","TrueCar, Inc.","9.41","796147165","n/a","2014","Technology","Computer Software: Programming, Data Processing","http://www.nasdaq.com/symbol/true",
"TSRI","TSR, Inc.","5.9","11576165.8","n/a","n/a","Technology","EDP Services","http://www.nasdaq.com/symbol/tsri",
"TTMI","TTM Technologies, Inc.","11.39","1141858047.14","n/a","2000","Technology","Electrical Products","http://www.nasdaq.com/symbol/ttmi",
"TUBE","TubeMogul, Inc.","8.28","299907197.28","n/a","2014","Technology","Computer Software: Prepackaged Software","http://www.nasdaq.com/symbol/tube",
"TCX","Tucows Inc.","29.97","312956000.73","n/a","n/a","Technology","EDP Services","http://www.nasdaq.com/symbol/tcx",
"TWLO","Twilio Inc.","47.77","4039895715.48","n/a","2016","Technology","Computer Software: Prepackaged Software","http://www.nasdaq.com/symbol/twlo",
"TWIN","Twin Disc, Incorporated","11.94","136576561.62","n/a","n/a","Technology","Industrial Machinery/Components","http://www.nasdaq.com/symbol/twin",
"TWTR","Twitter, Inc.","16.83","11911044450.69","n/a","2013","Technology","Computer Software: Programming, Data Processing","http://www.nasdaq.com/symbol/twtr",
"TYL","Tyler Technologies, Inc.","168.22","6113182088","n/a","n/a","Technology","Computer Software: Prepackaged Software","http://www.nasdaq.com/symbol/tyl",
"UBNT","Ubiquiti Networks, Inc.","49.53","4052747524.41","n/a","2011","Technology","Radio And Television Broadcasting And Communications Equipment","http://www.nasdaq.com/symbol/ubnt",
"UCTT","Ultra Clean Holdings, Inc.","7.64","250839329.72","n/a","2004","Technology","Semiconductors","http://www.nasdaq.com/symbol/uctt",
"UTEK","Ultratech, Inc.","22.9","612925873.8","n/a","1993","Technology","Industrial Machinery/Components","http://www.nasdaq.com/symbol/utek",
"UIS","Unisys Corporation","10.15","508330564.35","n/a","n/a","Technology","EDP Services","http://www.nasdaq.com/symbol/uis",
"UMC","United Microelectronics Corporation","1.89","4696342308","n/a","n/a","Technology","Semiconductors","http://www.nasdaq.com/symbol/umc",
"URI","United Rentals, Inc.","76.44","6586149591.84","n/a","1997","Technology","Diversified Commercial Services","http://www.nasdaq.com/symbol/uri",
"UPLD","Upland Software, Inc.","8.49","149437278.36","n/a","2014","Technology","Computer Software: Prepackaged Software","http://www.nasdaq.com/symbol/upld",
"VRNS","Varonis Systems, Inc.","28.55","753429646.5","n/a","2014","Technology","Computer Software: Prepackaged Software","http://www.nasdaq.com/symbol/vrns",
"VDSI","VASCO Data Security International, Inc.","17.94","721162291.98","n/a","n/a","Technology","EDP Services","http://www.nasdaq.com/symbol/vdsi",
"VECO","Veeco Instruments Inc.","21.45","871686108.15","n/a","1994","Technology","Industrial Machinery/Components","http://www.nasdaq.com/symbol/veco",
"VEEV","Veeva Systems Inc.","38.45","5236489274.1","n/a","2013","Technology","Computer Software: Prepackaged Software","http://www.nasdaq.com/symbol/veev",
"VRNT","Verint Systems Inc.","36","2272997556","n/a","2002","Technology","EDP Services","http://www.nasdaq.com/symbol/vrnt",
"VRSN","VeriSign, Inc.","75.69","8081158428.63","n/a","1998","Technology","EDP Services","http://www.nasdaq.com/symbol/vrsn",
"VRSK","Verisk Analytics, Inc.","80.34","13575067394.46","n/a","2009","Technology","EDP Services","http://www.nasdaq.com/symbol/vrsk",
"VSAT","ViaSat, Inc.","73.05","3600413669.85","n/a","1996","Technology","Radio And Television Broadcasting And Communications Equipment","http://www.nasdaq.com/symbol/vsat",
"VIAV","Viavi Solutions Inc.","7.27","1688807165.19","n/a","n/a","Technology","Semiconductors","http://www.nasdaq.com/symbol/viav",
"VMEM","Violin Memory, Inc.","0.4051","10199735.8116","n/a","2013","Technology","Electronic Components","http://www.nasdaq.com/symbol/vmem",
"VRTU","Virtusa Corporation","21.84","652344813.12","n/a","2007","Technology","EDP Services","http://www.nasdaq.com/symbol/vrtu",
"VISN","VisionChina Media, Inc.","5.88","23299629.36","3962522","2007","Technology","Advertising","http://www.nasdaq.com/symbol/visn",
"VMW","Vmware, Inc.","73.13","31036975176.24","n/a","2007","Technology","Computer Software: Prepackaged Software","http://www.nasdaq.com/symbol/vmw",
"VISI","Volt Information Sciences, Inc.","6.31","131843556.73","n/a","n/a","Technology","Professional Services","http://www.nasdaq.com/symbol/visi",
"VUZI","Vuzix Corporation","7.55","131039015.55","n/a","n/a","Technology","Radio And Television Broadcasting And Communications Equipment","http://www.nasdaq.com/symbol/vuzi",
"WSTG","Wayside Technology Group, Inc.","17.45","82630897.75","n/a","n/a","Technology","Retail: Computer Software & Peripheral Equipment","http://www.nasdaq.com/symbol/wstg",
"WEB","Web.com Group, Inc.","16.05","810637879.65","n/a","n/a","Technology","Computer Software: Prepackaged Software","http://www.nasdaq.com/symbol/web",
"WB","Weibo Corporation","52.99","2525037405.94","47651206","2014","Technology","Computer Software: Programming, Data Processing","http://www.nasdaq.com/symbol/wb",
"WDC","Western Digital Corporation","53.99","15347447697.64","n/a","n/a","Technology","Electronic Components","http://www.nasdaq.com/symbol/wdc",
"WYY","WidePoint Corporation","0.4195","34705291.213","n/a","n/a","Technology","EDP Services","http://www.nasdaq.com/symbol/wyy",
"WIT","Wipro Limited","9.99","24282825767.1","n/a","n/a","Technology","EDP Services","http://www.nasdaq.com/symbol/wit",
"WIX","Wix.com Ltd.","44.2","1780059793.2","n/a","2013","Technology","Computer Software: Programming, Data Processing","http://www.nasdaq.com/symbol/wix",
"WDAY","Workday, Inc.","86.54","17308000000","n/a","2012","Technology","EDP Services","http://www.nasdaq.com/symbol/wday",
"WK","Workiva Inc.","16.8","689786328","n/a","2014","Technology","Computer Software: Prepackaged Software","http://www.nasdaq.com/symbol/wk",
"JMU","Wowo Limited","3.79","44068653.27","11627613","2015","Technology","EDP Services","http://www.nasdaq.com/symbol/jmu",
"WPPGY","WPP plc","110.86","1883737776.12","16992042","n/a","Technology","Advertising","http://www.nasdaq.com/symbol/wppgy",
"WSCI","WSI Industries Inc.","3.68","10743760","n/a","n/a","Technology","Industrial Machinery/Components","http://www.nasdaq.com/symbol/wsci",
"XTLY","Xactly Corporation","13.45","413592005.75","n/a","2015","Technology","Computer Software: Prepackaged Software","http://www.nasdaq.com/symbol/xtly",
"XLNX","Xilinx, Inc.","50.13","12707058876.12","n/a","1990","Technology","Semiconductors","http://www.nasdaq.com/symbol/xlnx",
"XPLR","Xplore Technologies Corp","2.22","24256923.24","n/a","n/a","Technology","Computer Manufacturing","http://www.nasdaq.com/symbol/xplr",
"XNET","Xunlei Limited","4.82","129983489.78","26967529","2014","Technology","Computer Software: Prepackaged Software","http://www.nasdaq.com/symbol/xnet",
"YHOO","Yahoo! Inc.","41.68","39670298226.16","n/a","1996","Technology","EDP Services","http://www.nasdaq.com/symbol/yhoo",
"YNDX","Yandex N.V.","19.74","6335167240.92","n/a","2011","Technology","Computer Software: Programming, Data Processing","http://www.nasdaq.com/symbol/yndx",
"YGE","Yingli Green Energy Holding Company Limited","3.8","69070232.6","n/a","2007","Technology","Semiconductors","http://www.nasdaq.com/symbol/yge",
"YUME","YuMe, Inc.","3.86","132232282.48","n/a","2013","Technology","Advertising","http://www.nasdaq.com/symbol/yume",
"YY","YY Inc.","52.58","1989164706.32","37831204","2012","Technology","EDP Services","http://www.nasdaq.com/symbol/yy",
"ZBRA","Zebra Technologies Corporation","65.36","3448843995.76","n/a","1991","Technology","Industrial Machinery/Components","http://www.nasdaq.com/symbol/zbra",
"ZDGE","Zedge, Inc.","3.09","28772368.14","n/a","2016","Technology","Computer Software: Prepackaged Software","http://www.nasdaq.com/symbol/zdge",
"ZEN","Zendesk, Inc.","26.22","2459620326.6","n/a","2014","Technology","EDP Services","http://www.nasdaq.com/symbol/zen",
"ZPIN","Zhaopin Limited","14.57","909766608.45","n/a","2014","Technology","Professional Services","http://www.nasdaq.com/symbol/zpin",
"ZIXI","Zix Corporation","4.13","220036343.45","n/a","n/a","Technology","EDP Services","http://www.nasdaq.com/symbol/zixi",
"ZNGA","Zynga Inc.","2.82","2487488557.62","n/a","2011","Technology","EDP Services","http://www.nasdaq.com/symbol/znga",
